epoch,time,train/box_loss,train/pose_loss,train/kobj_loss,train/cls_loss,train/dfl_loss,metrics/precision(B),metrics/recall(B),metrics/mAP50(B),metrics/mAP50-95(B),metrics/precision(P),metrics/recall(P),metrics/mAP50(P),metrics/mAP50-95(P),val/box_loss,val/pose_loss,val/kobj_loss,val/cls_loss,val/dfl_loss,lr/pg0,lr/pg1,lr/pg2
1,13.5793,1.18942,21.1521,0.68516,1.18463,1.83131,1,0.99984,0.995,0.8463,0.07372,0.07407,0.0101,0.00238,0.69276,21.9846,0.57752,0.60828,2.00171,0.000637681,0.000637681,0.000637681
2,21.421,0.56703,19.7225,0.65829,0.42367,1.39462,0.93555,0.7037,0.82979,0.62184,0.07229,0.44444,0.04345,0.00974,1.27628,21.8004,0.58558,1.08261,2.83186,0.00129359,0.00129359,0.00129359
3,29.0417,0.59966,18.8362,0.664,0.47875,1.39367,0.73991,0.96296,0.97149,0.62071,0.11224,0.18519,0.03116,0.00513,0.97804,20.8677,1.27423,5.46172,4.12322,0.00193849,0.00193849,0.00193849
4,36.7118,0.4597,17.7679,0.66255,0.39063,1.29935,0.97197,0.7037,0.82637,0.56121,0.13893,0.14815,0.04882,0.01013,1.13149,21.2885,0.65708,0.92315,1.90982,0.0019505,0.0019505,0.0019505
5,44.3256,0.43845,16.7276,0.55864,0.38551,1.22677,0.88498,0.77778,0.93895,0.63074,0.20305,0.2963,0.14088,0.03401,1.12909,20.164,0.72262,1.42685,3.53032,0.001934,0.001934,0.001934
6,52.0848,0.38293,15.8144,0.49997,0.37036,1.17685,0.85818,0.92593,0.97841,0.8469,0.283,0.55556,0.20426,0.04813,0.64438,22.2081,0.53854,1.5802,1.53518,0.0019175,0.0019175,0.0019175
7,59.9042,0.31456,15.1818,0.4219,0.31613,1.10905,0.97897,0.92593,0.98699,0.92626,0.17401,0.25926,0.10753,0.02834,0.48628,18.1924,0.33528,0.84182,1.13483,0.001901,0.001901,0.001901
8,67.6841,0.291,14.4458,0.3672,0.28214,1.08183,0.67009,0.96296,0.8835,0.71989,0.09799,0.25926,0.05264,0.00878,0.76595,18.4211,0.28385,2.42759,1.58966,0.0018845,0.0018845,0.0018845
9,75.3577,0.2632,13.1929,0.32445,0.26024,1.05856,0.84332,0.96296,0.97808,0.91103,0.12608,0.33333,0.04868,0.00627,0.516,18.2001,0.18281,1.44374,1.11902,0.001868,0.001868,0.001868
10,83.0413,0.21801,12.4132,0.26043,0.24289,1.0287,0.93708,0.96296,0.98385,0.9169,0.53059,0.55556,0.44372,0.12018,0.47403,13.7335,0.22384,1.14569,1.00584,0.0018515,0.0018515,0.0018515
11,90.8176,0.24347,12.1499,0.22003,0.22002,1.02633,0.71556,0.96296,0.95017,0.78439,0.24096,0.59259,0.19283,0.04516,0.88382,15.7607,0.11721,1.99833,1.553,0.001835,0.001835,0.001835
12,98.5131,0.19216,11.0583,0.19515,0.216,0.98211,0.72702,0.96296,0.90922,0.63599,0.47751,0.62963,0.38897,0.13998,0.78957,14.5142,0.20394,1.29336,1.45792,0.0018185,0.0018185,0.0018185
13,106.219,0.20218,10.5659,0.17052,0.21612,0.99466,0.96253,0.95179,0.9925,0.84519,0.73505,0.71959,0.60412,0.24386,0.72477,11.5506,0.11099,0.89753,1.21462,0.001802,0.001802,0.001802
14,113.878,0.21142,10.7008,0.1567,0.23169,1.00338,0.72425,0.97295,0.86482,0.78492,0.49635,0.66667,0.38446,0.17195,0.53407,12.0051,0.11721,0.96653,1.14656,0.0017855,0.0017855,0.0017855
15,121.305,0.18039,9.8366,0.13464,0.21059,0.98473,0.7346,0.77778,0.89063,0.77873,0.4276,0.66667,0.38344,0.14562,0.63038,12.3474,0.08913,1.00564,1.20822,0.001769,0.001769,0.001769
16,129.826,0.17422,9.53935,0.13319,0.16995,0.98961,0.91318,0.92593,0.95932,0.78324,0.47838,0.44444,0.31644,0.09742,0.50783,16.9503,0.11934,0.73866,1.09933,0.0017525,0.0017525,0.0017525
17,140.512,0.15074,8.95591,0.10916,0.15577,0.96462,0.85927,0.67881,0.76932,0.56788,0.67164,0.53066,0.50679,0.21386,0.89626,10.1001,0.13984,1.75794,1.47305,0.001736,0.001736,0.001736
18,149.732,0.15818,8.85696,0.10035,0.16116,0.99319,0.91836,0.83366,0.88992,0.61367,0.72785,0.62963,0.66708,0.37258,1.06298,9.19862,0.1689,1.3778,1.55971,0.0017195,0.0017195,0.0017195
19,157.82,0.21468,8.63842,0.10279,0.22099,1.04381,0.71247,0.77778,0.81081,0.67557,0.65937,0.55556,0.57426,0.26146,0.60146,9.50326,0.10436,0.97807,1.16201,0.001703,0.001703,0.001703
20,165.957,0.19285,9.04955,0.10338,0.18604,0.99541,0.98654,0.85185,0.90082,0.83377,0.90447,0.77778,0.79315,0.42695,0.52811,8.87856,0.09665,0.86527,1.09346,0.0016865,0.0016865,0.0016865
21,174.033,0.16988,8.53205,0.08974,0.18396,0.9744,0.91951,0.92593,0.96715,0.91715,0.80458,0.81481,0.77337,0.43396,0.38561,7.75553,0.06482,0.77235,0.96343,0.00167,0.00167,0.00167
22,182.208,0.15406,8.09712,0.0914,0.15593,0.9601,0.95121,1,0.9925,0.86816,0.73834,0.77778,0.63774,0.25226,0.46989,9.1126,0.0972,0.58258,1.04787,0.0016535,0.0016535,0.0016535
23,190.261,0.15093,7.99593,0.07884,0.14915,0.96215,0.98297,0.96296,0.98384,0.91439,0.84702,0.85185,0.79727,0.36664,0.35789,8.05406,0.06005,0.48635,0.88645,0.001637,0.001637,0.001637
24,198.52,0.16812,7.29595,0.09186,0.16459,0.97709,0.99373,1,0.995,0.88849,0.91999,0.92593,0.8813,0.42935,0.42942,7.20629,0.05306,0.49748,0.9854,0.0016205,0.0016205,0.0016205
25,206.437,0.17997,7.24323,0.07259,0.17618,0.99404,0.80586,0.92593,0.92185,0.76308,0.70034,0.77778,0.71608,0.37038,0.63221,8.5206,0.0535,1.11129,1.20184,0.001604,0.001604,0.001604
26,213.864,0.20626,7.1516,0.06974,0.20221,1.02712,0.85963,0.74074,0.89225,0.65916,0.77413,0.59259,0.69944,0.35722,0.93083,8.89391,0.08989,1.24063,1.61442,0.0015875,0.0015875,0.0015875
27,221.359,0.19498,7.25641,0.09716,0.20231,1.00862,0.9284,0.96061,0.97943,0.8622,0.72407,0.77778,0.64757,0.41783,0.60527,8.12181,0.04657,0.7685,1.23573,0.001571,0.001571,0.001571
28,229.11,0.17569,6.78118,0.08105,0.17246,0.98978,0.9995,0.88889,0.97196,0.86512,0.86947,0.74074,0.78366,0.43943,0.50453,7.55892,0.05666,0.54843,1.10557,0.0015545,0.0015545,0.0015545
29,236.703,0.19117,6.53406,0.0802,0.17122,0.9861,0.91173,0.76551,0.90628,0.73863,0.85638,0.66271,0.71412,0.34491,0.67538,7.94722,0.07153,0.84317,1.3654,0.001538,0.001538,0.001538
30,244.644,0.17174,6.50277,0.09547,0.16352,0.98301,0.9578,0.96296,0.99031,0.94019,0.8422,0.85185,0.87784,0.42548,0.40044,7.11765,0.06157,0.50503,1.00692,0.0015215,0.0015215,0.0015215
31,252.461,0.14802,5.99115,0.07049,0.15228,0.95792,0.98935,1,0.995,0.91046,0.88343,0.88889,0.83127,0.47531,0.43156,6.38993,0.04833,0.41549,1.0037,0.001505,0.001505,0.001505
32,260.195,0.14892,5.7544,0.08811,0.15927,0.95911,0.95228,0.96296,0.98904,0.92288,0.87877,0.88889,0.8854,0.51479,0.38872,6.19272,0.04613,0.3908,0.96081,0.0014885,0.0014885,0.0014885
33,267.8,0.15543,5.73418,0.08483,0.1496,0.95818,0.9392,0.96296,0.97923,0.89302,0.75918,0.85185,0.69251,0.40169,0.36695,8.4909,0.03651,0.50761,0.93404,0.001472,0.001472,0.001472
34,275.548,0.15147,5.83212,0.07729,0.16103,0.95424,0.8779,0.96296,0.91883,0.85494,0.58997,0.7037,0.55724,0.19074,0.39149,13.3951,0.05471,0.58868,0.97259,0.0014555,0.0014555,0.0014555
35,283.796,0.13179,5.72848,0.07542,0.15194,0.94367,0.88982,0.96296,0.95623,0.8987,0.43765,0.44444,0.33535,0.13282,0.41915,15.2127,0.06087,0.53485,1.00712,0.001439,0.001439,0.001439
36,291.841,0.13319,5.348,0.06035,0.14534,0.94783,0.96147,0.92416,0.9789,0.90466,0.92298,0.88777,0.92139,0.47272,0.38803,6.85643,0.05446,0.42581,0.99302,0.0014225,0.0014225,0.0014225
37,299.835,0.11592,5.16305,0.06492,0.13287,0.93005,0.92262,0.92593,0.97463,0.9085,0.8464,0.85185,0.84199,0.46475,0.41148,6.1128,0.07257,0.52265,0.9786,0.001406,0.001406,0.001406
38,307.532,0.12843,4.66754,0.079,0.1481,0.9369,0.85089,0.96296,0.96738,0.91834,0.78463,0.88889,0.79562,0.35334,0.39615,7.85516,0.09085,0.50596,0.99805,0.0013895,0.0013895,0.0013895
39,315.218,0.13792,4.69395,0.06333,0.1435,0.95318,0.91152,0.92593,0.9541,0.91359,0.87506,0.88889,0.90308,0.49083,0.40826,6.05952,0.04878,0.51839,0.97853,0.001373,0.001373,0.001373
40,322.906,0.15209,4.95712,0.0553,0.15601,0.94572,0.85526,0.87572,0.9013,0.82004,0.81915,0.83911,0.80905,0.4298,0.46933,6.41984,0.04251,0.73226,1.0289,0.0013565,0.0013565,0.0013565
41,330.528,0.14128,4.23671,0.06148,0.1472,0.94425,0.66837,0.92593,0.85602,0.72661,0.61393,0.96296,0.75137,0.38738,0.50432,5.99617,0.0453,1.20501,1.06288,0.00134,0.00134,0.00134
42,338.347,0.14177,3.9289,0.05554,0.14241,0.94143,0.74113,0.95451,0.86573,0.76087,0.7134,0.92201,0.78443,0.42301,0.49408,6.07488,0.04339,0.97524,1.05084,0.0013235,0.0013235,0.0013235
43,345.896,0.13043,3.85078,0.05151,0.13936,0.9331,0.77355,0.81481,0.86348,0.72351,0.7203,0.76335,0.7447,0.4252,0.56077,6.86654,0.05284,1.16604,1.14872,0.001307,0.001307,0.001307
44,353.49,0.14215,3.8045,0.04993,0.13807,0.93911,0.86174,0.81481,0.88554,0.75846,0.70029,0.66667,0.64049,0.31877,0.58756,8.37499,0.07392,0.9337,1.18813,0.0012905,0.0012905,0.0012905
45,360.971,0.12153,3.45099,0.04683,0.12633,0.92532,0.96446,0.77778,0.91616,0.79796,0.73656,0.59259,0.63201,0.22808,0.50517,10.2212,0.07273,0.75767,1.08849,0.001274,0.001274,0.001274
46,368.574,0.12217,3.11115,0.04104,0.12763,0.93478,0.96142,0.92304,0.98545,0.91655,0.86926,0.98533,0.98285,0.64455,0.4092,4.55455,0.04064,0.48556,0.9764,0.0012575,0.0012575,0.0012575
47,376.202,0.10819,2.83709,0.04443,0.1174,0.91759,0.89929,0.9924,0.98385,0.90728,0.86605,0.958,0.90768,0.55408,0.38704,5.54037,0.03164,0.7655,0.94446,0.001241,0.001241,0.001241
48,383.777,0.10096,2.80046,0.04274,0.10917,0.91535,0.84963,1,0.97557,0.91627,0.81097,0.96296,0.92937,0.47288,0.3849,6.47956,0.02296,0.82469,0.93699,0.0012245,0.0012245,0.0012245
49,391.384,0.10072,2.71472,0.03833,0.1097,0.91699,0.80522,0.96296,0.93632,0.91474,0.7425,0.88889,0.81919,0.48564,0.37777,5.00863,0.02049,0.85827,0.91799,0.001208,0.001208,0.001208
50,398.977,0.10386,2.68321,0.04016,0.10905,0.9214,0.78082,0.96296,0.93081,0.87337,0.65237,0.88889,0.73883,0.31125,0.41641,7.43015,0.02377,0.85326,0.96439,0.0011915,0.0011915,0.0011915
51,406.598,0.10113,2.53807,0.03706,0.10571,0.91567,0.81177,1,0.95436,0.89353,0.81177,1,0.95436,0.62796,0.44043,3.29867,0.01881,0.8892,0.97253,0.001175,0.001175,0.001175
52,414.208,0.09104,2.46334,0.03636,0.10204,0.90899,0.89906,0.9899,0.95348,0.87169,0.86551,0.95367,0.9112,0.59143,0.47648,3.90636,0.0191,0.69231,1.01048,0.0011585,0.0011585,0.0011585
53,421.809,0.09597,2.40045,0.03158,0.10182,0.90906,0.88923,1,0.95178,0.82083,0.77598,0.88889,0.80205,0.43538,0.53218,5.56308,0.01659,0.6653,1.063,0.001142,0.001142,0.001142
54,429.414,0.09504,2.25285,0.03229,0.09861,0.90878,0.9,0.99996,0.95612,0.84696,0.81621,0.96296,0.91862,0.53208,0.56049,4.78785,0.01464,0.88818,1.11879,0.0011255,0.0011255,0.0011255
55,437.025,0.09881,2.3486,0.03049,0.09745,0.91195,0.8608,0.9164,0.94174,0.83452,0.826,0.87936,0.90119,0.5139,0.56425,5.24919,0.01813,0.79393,1.1141,0.001109,0.001109,0.001109
56,444.59,0.09642,2.4555,0.02882,0.10047,0.9121,0.85343,0.88889,0.90786,0.82335,0.81787,0.85185,0.86298,0.50542,0.51741,5.60586,0.02055,0.72126,1.07481,0.0010925,0.0010925,0.0010925
57,452.257,0.10361,2.37607,0.02661,0.10293,0.91216,0.84337,0.99718,0.91538,0.79928,0.78087,0.92393,0.80169,0.41261,0.56165,6.49339,0.01962,0.82558,1.11731,0.001076,0.001076,0.001076
58,459.899,0.0962,2.25794,0.02743,0.09751,0.90679,0.92558,0.92593,0.97543,0.82342,0.81333,0.81481,0.84664,0.5462,0.55858,6.01297,0.01921,0.68555,1.10861,0.0010595,0.0010595,0.0010595
59,467.47,0.08832,2.13221,0.03171,0.09534,0.90372,0.74172,0.9574,0.91939,0.77254,0.74172,0.9574,0.91939,0.58175,0.5566,3.61842,0.01736,0.77968,1.11539,0.001043,0.001043,0.001043
60,475.061,0.07866,2.15175,0.02281,0.08485,0.89526,0.812,0.88889,0.92704,0.80976,0.7712,0.85185,0.81823,0.50284,0.52345,5.47154,0.0197,0.70254,1.09665,0.0010265,0.0010265,0.0010265
61,482.574,0.08288,2.28037,0.02629,0.09322,0.89806,0.81081,0.79399,0.91097,0.82519,0.81081,0.79399,0.91097,0.70203,0.49251,2.87837,0.01822,0.82587,1.06988,0.00101,0.00101,0.00101
62,490.109,0.09056,2.04737,0.02753,0.10075,0.89806,0.72918,0.85185,0.8653,0.75636,0.72918,0.85185,0.8653,0.45862,0.49623,5.45611,0.01688,1.2043,1.08017,0.0009935,0.0009935,0.0009935
63,497.763,0.08753,2.0428,0.02338,0.09056,0.89762,0.70577,0.88844,0.83819,0.72997,0.67645,0.85179,0.77873,0.50484,0.53191,4.21428,0.01604,1.26969,1.10914,0.000977,0.000977,0.000977
64,505.65,0.08978,1.90903,0.02571,0.09411,0.90063,0.81018,0.85185,0.88441,0.76137,0.69919,0.77778,0.75697,0.47961,0.50449,5.37532,0.01817,0.99831,1.08393,0.0009605,0.0009605,0.0009605
65,513.421,0.0772,1.82472,0.0236,0.08413,0.89149,0.69479,0.85185,0.827,0.66517,0.66618,0.81481,0.79645,0.58815,0.55645,3.67799,0.01566,1.28816,1.13944,0.000944,0.000944,0.000944
66,520.965,0.08941,1.8485,0.02527,0.09019,0.89955,0.80965,0.85185,0.90643,0.74558,0.6279,0.87522,0.76038,0.55473,0.56287,4.37809,0.01641,1.08074,1.14778,0.0009275,0.0009275,0.0009275
67,528.59,0.07766,1.81078,0.02483,0.08507,0.8944,0.86645,0.96123,0.95281,0.82482,0.86645,0.96123,0.95281,0.59798,0.55584,4.10176,0.01623,0.70191,1.1274,0.000911,0.000911,0.000911
68,536.174,0.0762,1.76334,0.02011,0.08261,0.89289,0.80807,0.96296,0.94357,0.80764,0.80807,0.96296,0.94357,0.73085,0.57419,2.76963,0.01327,0.75455,1.13516,0.0008945,0.0008945,0.0008945
69,543.854,0.0757,1.60923,0.02317,0.08298,0.8942,0.83331,0.92593,0.95267,0.80601,0.83331,0.92593,0.95267,0.59673,0.57594,4.46202,0.01373,0.73769,1.13885,0.000878,0.000878,0.000878
70,551.489,0.07857,1.56882,0.02003,0.07957,0.89103,0.87368,0.88889,0.95885,0.81398,0.87368,0.88889,0.95885,0.70101,0.5472,3.50449,0.01452,0.65744,1.10387,0.0008615,0.0008615,0.0008615
71,559.05,0.07351,1.5117,0.01828,0.08101,0.88586,0.89277,0.92508,0.96104,0.82752,0.89277,0.92508,0.94495,0.72399,0.57695,3.44013,0.01399,0.66054,1.13897,0.000845,0.000845,0.000845
72,566.615,0.08013,1.48004,0.01934,0.08679,0.88793,0.82295,0.96296,0.96113,0.8296,0.82295,0.96296,0.96113,0.75147,0.51,3.12784,0.01421,0.5657,1.07174,0.0008285,0.0008285,0.0008285
73,574.34,0.07496,1.44897,0.01847,0.08388,0.88346,0.90917,0.92593,0.96822,0.84564,0.90917,0.92593,0.96822,0.76907,0.51134,2.74096,0.01264,0.56666,1.09592,0.000812,0.000812,0.000812
74,582.136,0.07288,1.41102,0.01845,0.08354,0.88632,0.86346,0.88889,0.95808,0.83618,0.86346,0.88889,0.95808,0.72278,0.51619,2.99963,0.01176,0.56994,1.08033,0.0007955,0.0007955,0.0007955
75,589.885,0.07337,1.40407,0.01751,0.07932,0.88877,0.92547,0.92,0.96777,0.83228,0.92547,0.92,0.96777,0.74187,0.53505,2.85766,0.01088,0.63066,1.10002,0.000779,0.000779,0.000779
76,597.578,0.07072,1.43926,0.0165,0.07306,0.88669,0.81794,0.99841,0.96414,0.83222,0.81794,0.99841,0.96414,0.74453,0.5519,2.62641,0.01156,0.61145,1.10891,0.0007625,0.0007625,0.0007625
77,605.382,0.06481,1.35341,0.01705,0.06907,0.88181,0.85446,0.92593,0.96031,0.8273,0.85446,0.92593,0.96031,0.76834,0.52514,2.62038,0.0128,0.66127,1.0847,0.000746,0.000746,0.000746
78,613.024,0.05775,1.35428,0.01737,0.06371,0.87914,0.80835,0.96296,0.9571,0.78018,0.80835,0.96296,0.9571,0.72694,0.59508,3.10833,0.01188,0.82905,1.1546,0.0007295,0.0007295,0.0007295
79,620.641,0.0547,1.36018,0.0147,0.06186,0.87941,0.81713,0.99316,0.95948,0.80659,0.81713,0.99316,0.95948,0.76433,0.59954,2.88415,0.01147,0.79188,1.15477,0.000713,0.000713,0.000713
80,628.298,0.05651,1.37304,0.01744,0.06005,0.87891,0.78667,0.96296,0.93461,0.75771,0.78667,0.96296,0.93461,0.71063,0.62857,3.10809,0.00988,1.03509,1.19461,0.0006965,0.0006965,0.0006965
81,636.036,0.05549,1.31937,0.01559,0.06113,0.87829,0.81719,0.96296,0.93795,0.78368,0.81719,0.96296,0.93795,0.72084,0.59975,2.92497,0.00928,0.8453,1.16525,0.00068,0.00068,0.00068
82,643.96,0.0546,1.30521,0.01321,0.06047,0.87852,0.83144,0.91371,0.91728,0.76232,0.83144,0.91371,0.91728,0.73763,0.60488,2.69787,0.0096,0.92062,1.1706,0.0006635,0.0006635,0.0006635
83,651.99,0.05696,1.36466,0.01662,0.06651,0.88089,0.88139,0.88889,0.95021,0.79058,0.88139,0.88889,0.94283,0.70131,0.59494,3.72707,0.00966,0.78149,1.1668,0.000647,0.000647,0.000647
84,659.929,0.05893,1.23658,0.01316,0.06319,0.88094,0.83562,0.96296,0.943,0.78748,0.83562,0.96296,0.943,0.75367,0.60665,2.683,0.00843,0.75704,1.17912,0.0006305,0.0006305,0.0006305
85,667.774,0.05483,1.2105,0.01311,0.06303,0.87873,0.96127,0.9195,0.96591,0.79505,0.96127,0.9195,0.96591,0.74377,0.6748,3.16504,0.01078,0.70111,1.28474,0.000614,0.000614,0.000614
86,675.362,0.05454,1.1558,0.01397,0.06029,0.87861,0.92836,0.96003,0.96527,0.79386,0.92836,0.96003,0.96527,0.73023,0.63342,3.08205,0.00915,0.6883,1.21536,0.0005975,0.0005975,0.0005975
87,682.911,0.05335,1.13139,0.01244,0.05996,0.87619,0.89209,0.91881,0.95947,0.79877,0.89209,0.91881,0.95947,0.76674,0.60228,2.76638,0.0086,0.72762,1.1768,0.000581,0.000581,0.000581
88,690.385,0.05145,1.11118,0.0148,0.05804,0.87519,0.92502,0.91414,0.96256,0.8122,0.8877,0.87857,0.93899,0.65997,0.58177,3.82665,0.01013,0.65645,1.15196,0.0005645,0.0005645,0.0005645
89,697.953,0.05555,1.11814,0.01296,0.05858,0.8788,0.86619,0.95913,0.95936,0.82464,0.86619,0.95913,0.95936,0.72965,0.54702,3.05996,0.00851,0.6803,1.11776,0.000548,0.000548,0.000548
90,705.454,0.04795,1.07844,0.01241,0.05486,0.87218,0.91965,0.88889,0.9558,0.83027,0.91965,0.88889,0.9558,0.74093,0.51681,2.68004,0.00765,0.68402,1.09396,0.0005315,0.0005315,0.0005315
91,713.009,0.04839,1.04876,0.01285,0.05527,0.87367,0.92544,0.96296,0.96525,0.8465,0.92544,0.96296,0.96525,0.72637,0.52332,2.92055,0.00761,0.65104,1.09455,0.000515,0.000515,0.000515
92,720.524,0.04326,1.06981,0.01139,0.05265,0.8725,0.89936,0.99316,0.9646,0.84438,0.89936,0.99316,0.9646,0.70321,0.52844,3.2144,0.00765,0.66313,1.09896,0.0004985,0.0004985,0.0004985
93,728.118,0.0418,1.00537,0.01109,0.05041,0.87239,0.89257,0.92329,0.96688,0.8328,0.89257,0.92329,0.96688,0.67451,0.54032,3.34904,0.00707,0.6494,1.1053,0.000482,0.000482,0.000482
94,735.611,0.0396,1.0043,0.01158,0.04994,0.8704,0.89631,0.96054,0.97358,0.84204,0.89631,0.96054,0.97358,0.72612,0.52217,2.97813,0.0076,0.59205,1.09017,0.0004655,0.0004655,0.0004655
95,743.042,0.0418,0.99177,0.01294,0.05029,0.87012,0.92273,0.88473,0.96288,0.84506,0.92273,0.88473,0.96288,0.74822,0.51546,2.76117,0.00871,0.59578,1.09594,0.000449,0.000449,0.000449
96,750.593,0.03594,0.9802,0.01066,0.04622,0.86997,0.89594,0.95679,0.97084,0.86169,0.89594,0.95679,0.97084,0.7139,0.51492,3.12013,0.00873,0.57371,1.08716,0.0004325,0.0004325,0.0004325
97,758.375,0.03858,0.93284,0.01106,0.04942,0.86807,0.95973,0.88293,0.97362,0.84992,0.95973,0.88293,0.97362,0.71837,0.48687,2.84784,0.00821,0.5804,1.06414,0.000416,0.000416,0.000416
98,766.114,0.03901,0.9273,0.01089,0.04774,0.86956,0.88704,0.92593,0.97224,0.868,0.88704,0.92593,0.97224,0.70649,0.47582,2.77829,0.00762,0.54745,1.04193,0.0003995,0.0003995,0.0003995
99,773.809,0.0363,0.88262,0.01033,0.04521,0.86996,0.89517,0.94907,0.9795,0.86114,0.89517,0.94907,0.9795,0.70584,0.47356,3.01883,0.00799,0.52356,1.04053,0.000383,0.000383,0.000383
100,781.428,0.03649,0.8517,0.01108,0.04596,0.86797,0.90063,0.92593,0.97783,0.85832,0.90063,0.92593,0.97783,0.71955,0.49282,2.63669,0.00695,0.55659,1.06408,0.0003665,0.0003665,0.0003665
101,789.106,0.0369,0.85886,0.00926,0.04588,0.86816,0.91047,0.92593,0.97471,0.85076,0.91047,0.92593,0.97471,0.75823,0.51298,2.46218,0.00748,0.59219,1.0925,0.00035,0.00035,0.00035
102,796.707,0.03549,0.82528,0.00962,0.04604,0.86725,0.90149,0.92593,0.9748,0.85928,0.90149,0.92593,0.9748,0.77281,0.52201,2.64814,0.00717,0.61417,1.09963,0.0003335,0.0003335,0.0003335
103,804.519,0.03523,0.81178,0.00913,0.04446,0.86879,0.89531,0.95051,0.97631,0.85712,0.89531,0.95051,0.97631,0.77292,0.5289,2.46175,0.00646,0.60302,1.10792,0.000317,0.000317,0.000317
104,812.113,0.03374,0.784,0.0096,0.04242,0.86855,0.88474,0.96296,0.97687,0.83968,0.88474,0.96296,0.97687,0.76951,0.5298,2.63837,0.00657,0.59911,1.11599,0.0003005,0.0003005,0.0003005
105,819.75,0.0356,0.76897,0.00992,0.04279,0.86845,0.92573,0.92339,0.97803,0.83413,0.92573,0.92339,0.97803,0.78465,0.54327,2.51675,0.00717,0.63467,1.13049,0.000284,0.000284,0.000284
106,827.514,0.03438,0.74855,0.00985,0.04212,0.86611,0.96093,0.91126,0.97776,0.83385,0.96093,0.91126,0.97776,0.76691,0.54187,2.5525,0.00688,0.63649,1.12577,0.0002675,0.0002675,0.0002675
107,835.593,0.03311,0.81117,0.00905,0.04094,0.86739,0.91568,0.92593,0.97432,0.83157,0.91568,0.92593,0.97432,0.74822,0.53835,2.65986,0.00675,0.64026,1.12107,0.000251,0.000251,0.000251
108,843.727,0.03374,0.71672,0.00934,0.04251,0.86771,0.89102,0.92593,0.96312,0.81435,0.89102,0.92593,0.96312,0.76458,0.54755,2.47522,0.00661,0.67279,1.13325,0.0002345,0.0002345,0.0002345
109,851.852,0.03377,0.69087,0.00955,0.04053,0.86729,0.84633,0.92593,0.96155,0.81738,0.84633,0.92593,0.96155,0.75712,0.54879,2.56235,0.00734,0.65938,1.13749,0.000218,0.000218,0.000218
110,859.841,0.03253,0.69911,0.00974,0.04079,0.86447,0.91481,0.96296,0.9712,0.8415,0.91481,0.96296,0.9712,0.76651,0.53915,2.65959,0.00636,0.65331,1.13196,0.0002015,0.0002015,0.0002015
111,867.678,0.03081,0.70915,0.00882,0.03928,0.86565,0.89645,0.96192,0.96674,0.84111,0.89645,0.96192,0.96674,0.76204,0.5282,2.44589,0.00623,0.65899,1.11496,0.000185,0.000185,0.000185
112,875.367,0.03071,0.67522,0.00907,0.03857,0.86541,0.92751,0.94815,0.9771,0.85249,0.92751,0.94815,0.9771,0.76708,0.53002,2.49304,0.00632,0.65729,1.11527,0.0001685,0.0001685,0.0001685
113,882.919,0.02854,0.66114,0.00882,0.03737,0.86294,0.9267,0.96296,0.97279,0.85004,0.9267,0.96296,0.97279,0.75123,0.52659,2.5616,0.00616,0.63636,1.11453,0.000152,0.000152,0.000152
114,890.562,0.02842,0.66637,0.00907,0.03778,0.86301,0.92497,0.96296,0.97097,0.84848,0.92497,0.96296,0.97097,0.75209,0.51531,2.51978,0.00606,0.63028,1.09824,0.0001355,0.0001355,0.0001355
115,898.397,0.02778,0.62245,0.00926,0.03716,0.86554,0.92718,0.94352,0.97269,0.86475,0.92718,0.94352,0.97269,0.75578,0.51416,2.54995,0.00599,0.6275,1.09233,0.000119,0.000119,0.000119
116,906.211,0.02622,0.69177,0.00885,0.03627,0.86556,0.87546,0.96296,0.97702,0.8679,0.87546,0.96296,0.97702,0.7558,0.50803,2.57686,0.00599,0.62974,1.08441,0.0001025,0.0001025,0.0001025
117,914.051,0.02605,0.62467,0.0087,0.0356,0.86556,0.9272,0.94371,0.97981,0.85897,0.9272,0.94371,0.97981,0.75301,0.51217,2.62922,0.00604,0.63034,1.09182,8.6e-05,8.6e-05,8.6e-05
118,921.86,0.02711,0.64798,0.00848,0.03624,0.86492,0.9266,0.93535,0.97823,0.86654,0.9266,0.93535,0.97823,0.76675,0.51268,2.63175,0.00609,0.62658,1.09321,6.95e-05,6.95e-05,6.95e-05
119,929.483,0.02481,0.64997,0.0084,0.03396,0.86533,0.89452,0.94264,0.97384,0.84534,0.89452,0.94264,0.97384,0.76742,0.51719,2.52877,0.00609,0.63168,1.09966,5.3e-05,5.3e-05,5.3e-05
120,936.945,0.0251,0.60713,0.00834,0.0334,0.86338,0.90241,0.92593,0.97452,0.8517,0.90241,0.92593,0.97452,0.7721,0.51365,2.46744,0.0061,0.62699,1.09653,3.65e-05,3.65e-05,3.65e-05
