                  epoch,         train/box_loss,         train/seg_loss,         train/cls_loss,         train/dfl_loss,   metrics/precision(B),      metrics/recall(B),       metrics/mAP50(B),    metrics/mAP50-95(B),   metrics/precision(M),      metrics/recall(M),       metrics/mAP50(M),    metrics/mAP50-95(M),           val/box_loss,           val/seg_loss,           val/cls_loss,           val/dfl_loss,                 lr/pg0,                 lr/pg1,                 lr/pg2
                      1,                  3.216,                 4.3083,                 4.0188,                 3.9881,                0.00152,                0.39344,                0.00424,                0.00124,                 0.0001,                0.02459,                  6e-05,                  1e-05,                 2.7452,                  5.261,                 3.9504,                 4.0081,             0.00055167,             0.00055167,             0.00055167
                      2,                 2.6642,                 3.3053,                 3.2538,                 3.3352,                0.26955,                0.13205,                0.21865,                0.07132,                0.03971,                0.51184,                0.11631,                0.04107,                 2.4178,                 3.6762,                  2.468,                 3.0652,             0.00099771,             0.00099771,             0.00099771
                      3,                 2.2965,                 2.8401,                 2.4111,                 2.9306,                0.30475,                0.40995,                0.28142,                 0.0989,                0.19854,                0.25323,                0.16561,                 0.0541,                 2.2395,                 6.4265,                 2.4282,                 3.0985,              0.0013337,              0.0013337,              0.0013337
                      4,                 2.1762,                 2.6345,                 2.1334,                 2.6638,                0.58984,                 0.6924,                0.61243,                0.30051,                0.37554,                0.43815,                0.33414,                0.16354,                 1.8517,                 3.8028,                 2.6929,                 2.4877,              0.0011719,              0.0011719,              0.0011719
                      5,                 2.0377,                 2.5824,                 1.9936,                 2.5404,                0.65806,                0.79783,                0.73252,                0.39073,                 0.6486,                0.65352,                0.62284,                0.26782,                  1.762,                 2.2707,                 1.8253,                 2.3313,              0.0010069,              0.0010069,              0.0010069
                      6,                 1.8509,                 2.4719,                 1.8064,                 2.3889,                0.72395,                0.82039,                0.78513,                0.42753,                0.69308,                0.78011,                0.73413,                0.33065,                 1.7626,                 2.1383,                 1.6281,                  2.342,             0.00084184,             0.00084184,             0.00084184
                      7,                 1.7624,                 2.4242,                 1.6951,                 2.2687,                0.77179,                0.81678,                0.78596,                0.45871,                0.73804,                0.80038,                0.74819,                0.34323,                 1.5878,                 2.1177,                 1.4624,                 2.1335,              0.0006768,              0.0006768,              0.0006768
                      8,                 1.6837,                 2.3773,                 1.6189,                 2.2252,                0.76376,                0.81688,                0.82725,                0.49851,                0.74938,                0.80388,                0.79926,                0.36547,                 1.5175,                 2.0692,                 1.3675,                 2.1555,             0.00051177,             0.00051177,             0.00051177
                      9,                 1.6092,                 2.3276,                 1.5562,                 2.1436,                0.71952,                0.88299,                0.80301,                0.50739,                0.72968,                0.83523,                0.76674,                 0.3824,                 1.4152,                  1.991,                 1.3017,                 2.0068,             0.00034674,             0.00034674,             0.00034674
                     10,                 1.5907,                  2.284,                 1.5308,                 2.1214,                0.74256,                0.87709,                0.81338,                0.49989,                0.74874,                0.81074,                0.77775,                0.37061,                 1.4345,                 1.9784,                 1.2861,                 2.0231,              0.0001817,              0.0001817,              0.0001817
                      1,                 1.7704,                 2.4471,                 2.2745,                 2.0547,                0.56638,                0.71522,                0.59222,                0.39046,                0.60933,                0.60507,                0.57935,                0.30127,                 1.4075,                 1.8595,                 1.4589,                 1.8522,             0.00055167,             0.00055167,             0.00055167
                      2,                 1.6994,                 2.2626,                 1.7341,                 1.9919,                0.58338,                 0.7777,                0.64779,                0.42906,                0.57389,                0.76373,                0.61981,                0.32615,                 1.3782,                 1.7706,                 1.3784,                 1.7872,              0.0010525,              0.0010525,              0.0010525
                      3,                 1.6791,                 2.1697,                 2.0068,                 1.9581,                0.56409,                0.77366,                0.60768,                0.36576,                0.55613,                0.76046,                0.57833,                0.28471,                 1.5609,                 1.7824,                  1.429,                 1.9269,              0.0014984,              0.0014984,              0.0014984
                      4,                 1.6233,                 2.1344,                 1.7251,                 1.9303,                0.57643,                0.76781,                0.60249,                0.40486,                 0.5673,                0.78274,                0.60149,                0.28597,                 1.3237,                 1.9734,                 1.4149,                 1.8187,              0.0014195,              0.0014195,              0.0014195
                      5,                 1.5782,                 2.0902,                 1.6017,                 1.9151,                0.56278,                0.84175,                0.66845,                0.45126,                0.55459,                0.85137,                0.66803,                0.38385,                  1.304,                  1.542,                 1.3022,                 1.7689,              0.0013369,              0.0013369,              0.0013369
                      6,                 1.6004,                 2.0662,                 2.1514,                 1.8505,                0.60653,                0.78427,                 0.6452,                0.43355,                 0.5923,                0.76767,                0.60699,                0.32164,                 1.3248,                 1.8714,                 1.3816,                 1.7151,              0.0012544,              0.0012544,              0.0012544
                      7,                 1.4699,                 2.0201,                 1.7018,                 1.7699,                0.61734,                0.78933,                0.65483,                0.39128,                0.60642,                0.77444,                0.65135,                0.30753,                 1.3927,                 1.6258,                 1.4122,                 1.7262,              0.0011719,              0.0011719,              0.0011719
                      8,                 1.4746,                 2.0552,                 1.5515,                  1.729,                 0.6202,                0.77666,                0.65639,                0.45497,                 0.6202,                0.77666,                0.65811,                0.38163,                 1.1252,                  1.527,                 1.3056,                 1.5571,              0.0010894,              0.0010894,              0.0010894
                      9,                 1.4114,                 2.0078,                  1.963,                 1.6816,                0.59517,                0.71849,                0.64647,                0.44885,                0.53366,                0.85072,                0.64407,                0.36462,                 1.2039,                 1.4628,                 1.2362,                 1.5585,              0.0010069,              0.0010069,              0.0010069
                     10,                  1.434,                 1.9786,                 1.5528,                 1.6759,                 0.5656,                  0.827,                0.62373,                0.44423,                 0.5656,                  0.827,                0.62578,                0.36713,                 1.1861,                 1.5404,                 1.3323,                 1.5323,             0.00092435,             0.00092435,             0.00092435
                     11,                 1.1854,                 1.7634,                 1.9204,                 1.5155,                0.57742,                 0.8048,                0.67124,                0.42663,                0.55671,                0.80471,                0.66723,                0.34814,                 1.2454,                 1.4906,                 1.2546,                 1.5602,             0.00084184,             0.00084184,             0.00084184
                     12,                 1.1678,                 1.6925,                 1.7654,                 1.4999,                0.61407,                0.75788,                0.64508,                0.43522,                0.60514,                0.74356,                0.62322,                 0.3419,                 1.1361,                 1.5277,                 1.4218,                 1.4846,             0.00075932,             0.00075932,             0.00075932
                     13,                  1.115,                   1.64,                 1.8819,                 1.4454,                0.60336,                 0.7555,                0.63825,                0.45324,                0.60336,                 0.7555,                0.64064,                0.38688,                 1.1089,                 1.4005,                 1.4367,                 1.4729,              0.0006768,              0.0006768,              0.0006768
                     14,                 1.1298,                 1.6523,                 1.7469,                 1.4815,                0.56759,                0.79372,                0.62606,                0.43228,                0.56759,                0.79372,                0.62822,                0.35128,                 1.0778,                 1.3926,                 1.3069,                 1.4267,             0.00059429,             0.00059429,             0.00059429
                     15,                 1.1549,                 1.6458,                 1.7408,                 1.4606,                0.60152,                0.80785,                0.63948,                0.43749,                0.60152,                0.80785,                0.64033,                0.35803,                 1.0843,                 1.4063,                 1.2689,                 1.4229,             0.00051177,             0.00051177,             0.00051177
                     16,                 1.1139,                 1.6215,                 1.8322,                 1.4311,                 0.5999,                0.80599,                0.64753,                0.43696,                0.60157,                0.80763,                0.64992,                0.36025,                 1.1572,                 1.4565,                   1.34,                 1.4486,             0.00042925,             0.00042925,             0.00042925
                     17,                 1.1018,                 1.5832,                 1.5971,                 1.4248,                0.60541,                0.81136,                0.63482,                0.43855,                0.60541,                0.81136,                0.63627,                0.36953,                 1.0453,                 1.3926,                 1.2653,                  1.395,             0.00034674,             0.00034674,             0.00034674
                     18,                 1.0857,                 1.5955,                 1.5653,                 1.4156,                0.60929,                0.81018,                0.65008,                0.45177,                0.61116,                0.81398,                0.65219,                0.37104,                 1.1187,                 1.4233,                 1.2575,                 1.4377,             0.00026422,             0.00026422,             0.00026422
                     19,                 1.0846,                 1.6003,                 1.5978,                 1.3966,                0.60122,                0.81269,                0.66074,                0.44976,                0.59049,                0.80067,                0.64206,                0.37345,                 1.0543,                 1.3824,                  1.198,                 1.3953,              0.0001817,              0.0001817,              0.0001817
                     20,                 1.0575,                 1.5757,                 1.4834,                 1.4086,                0.61337,                0.82984,                0.66507,                0.46542,                0.61508,                0.83148,                0.66765,                0.37698,                 1.0675,                 1.3984,                 1.1692,                 1.4037,             9.9187e-05,             9.9187e-05,             9.9187e-05
                      1,                 1.4005,                 2.5076,                 1.3481,                 1.6836,                0.70437,                0.78547,                0.75898,                0.48867,                0.68684,                 0.7602,                0.73402,                0.36265,                 1.1407,                 1.9413,                 1.1706,                 1.5581,             0.00055167,             0.00055167,             0.00055167
                      2,                 1.4852,                 2.3347,                 1.3507,                 1.6925,                 0.7687,                0.73599,                0.75897,                0.49799,                 0.7621,                0.72609,                0.74003,                0.36163,                 1.3194,                 1.7848,                 1.2048,                 1.6277,              0.0010525,              0.0010525,              0.0010525
                      3,                 1.5182,                 2.3082,                 1.4856,                 1.7483,                0.75646,                0.71879,                 0.7583,                 0.4855,                 0.7463,                 0.7055,                0.74268,                0.35247,                 1.2712,                 1.7465,                 1.1868,                 1.6131,              0.0014984,              0.0014984,              0.0014984
                      4,                 1.4295,                 2.2119,                 1.3129,                 1.6464,                0.79041,                0.66932,                 0.7817,                0.49416,                0.79041,                0.66932,                0.77658,                0.37051,                 1.2395,                 1.7981,                 1.1251,                  1.567,              0.0014195,              0.0014195,              0.0014195
                      5,                  1.431,                 2.1911,                 1.3116,                 1.6363,                0.67139,                0.80121,                0.77735,                0.50651,                0.65411,                  0.783,                0.76316,                0.35377,                 1.3892,                 1.8302,                 1.1559,                 1.5955,              0.0013369,              0.0013369,              0.0013369
                      6,                 1.4575,                 2.1646,                 1.2786,                 1.6612,                0.81261,                0.76699,                0.81206,                0.48845,                0.78915,                0.74408,                0.76885,                0.36514,                 1.3302,                  1.747,                  1.105,                 1.6079,              0.0012544,              0.0012544,              0.0012544
                      7,                 1.4294,                 2.1235,                 1.2263,                 1.6476,                0.78793,                   0.81,                0.82694,                0.54716,                0.78793,                   0.81,                0.82685,                0.37769,                 1.2982,                 1.6579,                 1.1021,                 1.6099,              0.0011719,              0.0011719,              0.0011719
                      8,                 1.4138,                 2.1823,                 1.2228,                 1.6042,                0.84322,                0.76416,                0.80567,                0.52702,                0.83908,                 0.7582,                0.80277,                0.35457,                 1.3088,                 1.6194,                 1.1733,                  1.612,              0.0010894,              0.0010894,              0.0010894
                      9,                 1.3588,                  2.064,                  1.219,                 1.5988,                0.78973,                0.79337,                0.80691,                0.55308,                0.78363,                0.78654,                0.80033,                0.39892,                 1.1599,                 1.7646,                 1.0168,                 1.4935,              0.0010069,              0.0010069,              0.0010069
                     10,                 1.3064,                 1.9821,                 1.1502,                 1.5346,                0.77369,                0.78669,                0.81503,                0.54562,                0.76658,                0.77916,                0.79674,                0.40935,                 1.1627,                 1.5884,                 1.0124,                 1.4924,             0.00092435,             0.00092435,             0.00092435
                     11,                 1.1426,                 1.8519,                 1.1062,                 1.4366,                0.71464,                 0.7672,                0.78618,                0.53985,                0.70755,                0.75998,                0.77581,                0.39587,                 1.0357,                 1.5193,                 1.0826,                 1.4205,             0.00084184,             0.00084184,             0.00084184
                     12,                 1.1447,                  1.807,                 1.0654,                 1.4253,                0.82336,                0.77966,                0.83295,                0.56739,                0.81572,                0.77119,                0.82471,                  0.448,                 1.0933,                 1.4775,                0.94785,                 1.4178,             0.00075932,             0.00075932,             0.00075932
                     13,                 1.1144,                 1.7264,                 1.0257,                 1.4155,                0.80811,                0.81441,                0.86054,                0.59904,                0.80811,                0.81441,                0.86003,                0.46707,                 1.0329,                  1.431,                0.92143,                 1.3873,              0.0006768,              0.0006768,              0.0006768
                     14,                 1.0805,                 1.7564,                  1.049,                 1.4011,                 0.7962,                0.80031,                0.83949,                0.56095,                 0.7947,                0.79905,                0.83859,                0.45412,                 1.0065,                 1.4397,                0.95672,                 1.3666,             0.00059429,             0.00059429,             0.00059429
                     15,                 1.0946,                  1.752,                 1.0357,                 1.4089,                0.74901,                0.85996,                0.84791,                0.58974,                 0.7606,                0.82514,                0.83478,                0.46199,                0.97367,                  1.469,                0.90891,                 1.3464,             0.00051177,             0.00051177,             0.00051177
                     16,                 1.0482,                 1.6977,                0.99543,                 1.3639,                0.79132,                0.83186,                0.85891,                0.61313,                0.77641,                0.82785,                0.85002,                0.47004,                0.96999,                  1.425,                0.89043,                 1.3432,             0.00042925,             0.00042925,             0.00042925
                     17,                 1.0335,                 1.6782,                0.98216,                 1.3572,                0.78679,                0.84895,                0.86097,                0.58267,                0.76347,                0.82227,                0.82807,                 0.4529,                0.99803,                 1.4266,                0.87773,                 1.3455,             0.00034674,             0.00034674,             0.00034674
                     18,                 1.0258,                 1.6946,                0.98427,                 1.3428,                0.79413,                0.81818,                0.86131,                0.58309,                0.78485,                0.80125,                0.83443,                0.42917,                0.99723,                 1.5232,                0.86612,                 1.3523,             0.00026422,             0.00026422,             0.00026422
                     19,                 1.0177,                 1.6419,                 0.9601,                 1.3295,                0.80116,                0.83961,                 0.8711,                0.58995,                0.80031,                0.82572,                0.86124,                0.45764,                0.97123,                 1.3946,                0.86393,                 1.3341,              0.0001817,              0.0001817,              0.0001817
                     20,                 1.0139,                 1.6435,                0.95892,                 1.3416,                0.75864,                0.87942,                0.86573,                  0.579,                0.73213,                0.84707,                0.83002,                0.44783,                 1.0202,                 1.4354,                 0.8707,                  1.351,             9.9187e-05,             9.9187e-05,             9.9187e-05
                      1,                 1.2064,                 1.9363,                 1.0616,                 1.4652,                0.77722,                0.80808,                0.85393,                0.52927,                0.74679,                0.80492,                0.81832,                0.40729,                 1.1235,                 1.4506,                0.95368,                 1.4342,             0.00054773,             0.00054773,             0.00054773
                      2,                 1.2539,                 2.0021,                 1.0847,                 1.5064,                 0.7822,                0.80354,                0.84618,                0.56046,                0.78205,                0.80016,                0.84681,                0.38416,                 1.2026,                 1.4557,                  0.954,                 1.4877,              0.0010488,              0.0010488,              0.0010488
                      3,                 1.2789,                 1.9583,                 1.0796,                 1.5328,                0.77774,                0.80496,                0.83407,                 0.5454,                0.76486,                0.79892,                0.82722,                0.40398,                 1.0866,                 1.4543,                0.91428,                 1.4196,              0.0014948,              0.0014948,              0.0014948
                      4,                 1.2135,                 1.8488,                 1.0272,                 1.4678,                0.82511,                0.75211,                0.83489,                0.55845,                0.82511,                0.75211,                 0.8345,                0.41541,                 1.1049,                 1.4956,                0.94586,                 1.4365,              0.0014195,              0.0014195,              0.0014195
                      5,                 1.2047,                 1.8661,                 1.0466,                 1.4514,                0.76556,                0.83978,                0.83416,                0.57583,                0.75865,                0.83225,                0.82611,                0.43207,                 1.0494,                 1.3844,                0.93415,                 1.3879,              0.0013369,              0.0013369,              0.0013369
                      6,                 1.2283,                  1.864,                 1.0439,                 1.4691,                0.81789,                0.79365,                0.84335,                0.54186,                0.81169,                0.78652,                0.82987,                0.40654,                 1.0957,                 1.5186,                0.86652,                 1.4545,              0.0012544,              0.0012544,              0.0012544
                      7,                 1.2252,                 1.8898,                 1.0213,                 1.4848,                0.80662,                0.81642,                0.87426,                0.57941,                 0.7992,                0.80799,                0.85707,                0.42792,                 1.0538,                 1.4622,                 0.8675,                 1.4213,              0.0011719,              0.0011719,              0.0011719
                      8,                 1.1501,                 1.8332,                0.99615,                 1.4067,                0.79158,                0.84079,                0.85749,                0.59312,                0.78251,                0.83097,                0.84924,                 0.4434,                 1.0002,                 1.3683,                0.85941,                 1.3557,              0.0010894,              0.0010894,              0.0010894
                      9,                 1.1588,                 1.8623,                0.99293,                 1.4314,                0.76463,                0.87593,                0.85637,                0.59469,                0.75587,                 0.8661,                 0.8459,                0.44621,                 1.0079,                 1.3862,                0.83999,                 1.3606,              0.0010069,              0.0010069,              0.0010069
                     10,                  1.179,                 1.8337,                 1.0054,                 1.4317,                0.79557,                0.82591,                0.85311,                0.55313,                0.76044,                0.79645,                0.80532,                0.41615,                0.97951,                 1.3584,                0.86395,                 1.3528,             0.00092435,             0.00092435,             0.00092435
                     11,                 1.0494,                 1.7028,                0.93638,                 1.3669,                0.81103,                0.82404,                0.85629,                0.59239,                0.80387,                0.81557,                 0.8497,                0.45126,                0.92549,                  1.354,                0.83477,                 1.3237,             0.00084184,             0.00084184,             0.00084184
                     12,                 1.0367,                 1.6889,                0.92585,                 1.3523,                0.83639,                0.80722,                0.85675,                0.59689,                0.82882,                0.80583,                0.85092,                0.43548,                0.97998,                 1.3664,                 0.8434,                 1.3405,             0.00075932,             0.00075932,             0.00075932
                     13,                 1.0101,                 1.6413,                0.89588,                 1.3387,                 0.8476,                 0.7951,                0.87261,                0.62443,                0.83899,                0.78662,                0.86825,                0.48343,                0.89985,                 1.2888,                0.80556,                 1.2883,              0.0006768,              0.0006768,              0.0006768
                     14,                 1.0131,                 1.6986,                0.89633,                 1.3518,                0.85348,                0.78834,                0.87109,                0.58453,                0.83699,                0.77139,                0.84204,                0.45648,                0.96248,                 1.3329,                0.78323,                 1.3346,             0.00059429,             0.00059429,             0.00059429
                     15,                  1.025,                 1.6809,                0.89693,                 1.3699,                0.83464,                 0.8188,                0.87002,                0.58886,                0.82116,                0.80321,                0.84164,                0.45781,                0.98631,                 1.3182,                0.81574,                 1.3299,             0.00051177,             0.00051177,             0.00051177
                     16,                0.97512,                 1.6266,                0.86938,                  1.315,                0.84343,                0.82253,                0.88065,                0.60944,                0.83573,                0.81405,                0.87404,                0.45125,                0.91222,                 1.3549,                0.74924,                 1.3082,             0.00042925,             0.00042925,             0.00042925
                     17,                0.97243,                 1.6307,                0.86472,                 1.3195,                0.83717,                0.83064,                0.88087,                0.60721,                0.83359,                0.82171,                0.87483,                0.45834,                 0.8857,                 1.2893,                 0.7737,                 1.2927,             0.00034674,             0.00034674,             0.00034674
                     18,                 0.9723,                 1.6207,                0.85865,                 1.3098,                 0.8599,                0.81889,                 0.8779,                 0.5928,                0.86544,                 0.8188,                0.87262,                0.43597,                 1.0033,                 1.3855,                0.79204,                 1.3631,             0.00026422,             0.00026422,             0.00026422
                     19,                0.95605,                 1.6256,                0.84308,                  1.292,                0.82518,                0.85332,                0.87621,                0.61354,                 0.8416,                0.81574,                0.86925,                 0.4686,                0.87113,                 1.2977,                0.76133,                 1.2832,              0.0001817,              0.0001817,              0.0001817
                     20,                0.94732,                 1.6053,                0.84661,                 1.3019,                0.84129,                0.84161,                0.87573,                0.61354,                0.83868,                0.82438,                  0.869,                0.47438,                0.90962,                 1.3236,                0.76302,                 1.3028,             9.9187e-05,             9.9187e-05,             9.9187e-05
                      1,                 1.0789,                 1.7526,                0.95223,                 1.3731,                0.80912,                0.80652,                0.84557,                0.54628,                0.78911,                0.78387,                0.81398,                 0.4176,                 1.0689,                 1.4769,                0.91514,                 1.4018,             0.00054773,             0.00054773,             0.00054773
                      2,                 1.1355,                 1.8522,                0.98976,                 1.4161,                0.82122,                0.79616,                0.84447,                0.55683,                0.81552,                0.78921,                0.82863,                0.43187,                 1.0068,                 1.4019,                0.84234,                 1.3895,              0.0010488,              0.0010488,              0.0010488
                      3,                 1.1498,                 1.8276,                 0.9715,                 1.4446,                0.77719,                0.85626,                0.86307,                0.61456,                0.77719,                0.85626,                0.86162,                0.46073,                0.98384,                 1.4075,                0.86195,                   1.39,              0.0014948,              0.0014948,              0.0014948
                      4,                 1.1776,                 1.7818,                0.97351,                 1.4284,                0.80687,                0.80916,                0.85529,                0.60814,                0.80213,                0.80221,                0.85002,                0.43959,                 1.0055,                 1.3739,                0.86934,                 1.3904,              0.0014195,              0.0014195,              0.0014195
                      5,                 1.1273,                 1.7701,                0.98214,                 1.3943,                0.82883,                0.82234,                0.85382,                0.61265,                0.82638,                0.82302,                0.85343,                0.43709,                0.98492,                 1.4192,                0.82711,                 1.3517,              0.0013369,              0.0013369,              0.0013369
                      6,                 1.1158,                   1.77,                0.98198,                 1.3981,                 0.8315,                0.80784,                0.85825,                0.57947,                0.82212,                0.79637,                0.83905,                0.43574,                0.99256,                 1.5112,                0.80889,                 1.3883,              0.0012544,              0.0012544,              0.0012544
                      7,                 1.1195,                 1.8026,                0.95264,                 1.4111,                 0.8504,                0.80506,                0.87284,                0.60019,                0.84198,                0.79673,                0.85677,                 0.4752,                0.99569,                 1.3404,                0.81756,                 1.3871,              0.0011719,              0.0011719,              0.0011719
                      8,                 1.0731,                 1.7338,                0.93841,                   1.35,                0.85977,                0.80949,                 0.8781,                0.58555,                0.85221,                0.80116,                0.86703,                0.43559,                 1.0149,                 1.4189,                0.81364,                 1.3751,              0.0010894,              0.0010894,              0.0010894
                      9,                 1.0923,                  1.794,                0.95405,                 1.3812,                0.83916,                0.82457,                 0.8714,                 0.6057,                0.83052,                0.81473,                0.85052,                0.43923,                0.98275,                 1.3841,                0.79632,                 1.3589,              0.0010069,              0.0010069,              0.0010069
                     10,                 1.1055,                 1.7493,                 0.9476,                 1.3791,                0.81498,                0.83692,                0.86438,                0.54718,                0.78709,                0.80359,                0.80323,                0.42716,                 1.0034,                   1.32,                0.80842,                 1.3775,             0.00092435,             0.00092435,             0.00092435
                     11,                0.99193,                 1.6141,                0.89112,                 1.3289,                0.85172,                0.79954,                0.87366,                0.60054,                0.85351,                0.80092,                0.87192,                0.46213,                0.93155,                 1.3038,                0.82232,                 1.3257,             0.00084184,             0.00084184,             0.00084184
                     12,                 0.9856,                 1.6099,                0.87819,                  1.324,                0.85512,                0.79944,                0.88124,                0.61594,                0.85512,                0.79944,                0.88027,                0.46821,                0.94466,                 1.3245,                0.80726,                 1.3284,             0.00075932,             0.00075932,             0.00075932
                     13,                0.96539,                 1.5932,                 0.8512,                 1.3081,                0.86013,                0.81473,                0.88385,                0.63527,                0.86013,                0.81473,                0.88357,                0.49649,                0.85418,                 1.2719,                0.75024,                 1.2872,              0.0006768,              0.0006768,              0.0006768
                     14,                0.96961,                 1.6493,                0.85026,                 1.3289,                0.81757,                0.83833,                0.87382,                0.58712,                0.81064,                0.83171,                 0.8626,                0.45463,                0.95256,                 1.3311,                0.77575,                 1.3403,             0.00059429,             0.00059429,             0.00059429
                     15,                0.96943,                 1.6173,                0.85133,                 1.3317,                0.86573,                0.79955,                0.88074,                0.60046,                0.85072,                0.78347,                0.84112,                0.45215,                0.93634,                 1.3316,                0.79243,                 1.3306,             0.00051177,             0.00051177,             0.00051177
                     16,                0.94654,                 1.5844,                 0.8332,                 1.3032,                0.86944,                0.81059,                0.89014,                0.62958,                0.86151,                0.80226,                0.88335,                0.47594,                0.88095,                 1.3154,                0.75029,                 1.3099,             0.00042925,             0.00042925,             0.00042925
                     17,                0.93536,                 1.5795,                0.83081,                 1.2958,                0.87851,                0.81294,                0.88827,                0.61949,                 0.8679,                0.80603,                 0.8828,                0.48654,                 0.9181,                 1.3025,                0.77332,                 1.3082,             0.00034674,             0.00034674,             0.00034674
                     18,                0.92558,                 1.5713,                0.82794,                 1.2848,                0.81745,                0.84482,                0.88843,                0.60091,                0.81192,                0.82988,                0.87069,                0.44907,                0.92997,                 1.3476,                0.76116,                 1.3345,             0.00026422,             0.00026422,             0.00026422
                     19,                0.93217,                  1.582,                0.81961,                 1.2834,                0.87501,                0.80769,                0.88379,                0.60857,                 0.8768,                0.80908,                0.88422,                0.47333,                 0.8898,                 1.3022,                0.75651,                 1.3011,              0.0001817,              0.0001817,              0.0001817
                     20,                0.92015,                 1.5626,                0.81579,                 1.2875,                0.87486,                0.80728,                0.88314,                0.61477,                0.86904,                0.80033,                0.87858,                0.48279,                0.91255,                 1.3135,                0.74782,                 1.3126,             9.9187e-05,             9.9187e-05,             9.9187e-05
