image,sample,n_vessel,n_pair,um_per_px,scale_method,status,error,review_png
41 (1).tif,41,4,1,0.217391,green_bar,ok,,41_(01)_左原图_右自动.png
41 (2).tif,41,3,0,0.217391,green_bar,ok,,41_(02)_左原图_右自动.png
41 (3).tif,41,2,0,0.217391,green_bar,ok,,41_(03)_左原图_右自动.png
41 (4).tif,41,6,1,0.217391,green_bar,ok,,41_(04)_左原图_右自动.png
41 (5).tif,41,6,1,0.217391,green_bar,ok,,41_(05)_左原图_右自动.png
41 (6).tif,41,4,0,0.217391,green_bar,ok,,41_(06)_左原图_右自动.png
41 (7).tif,41,3,1,0.217391,green_bar,ok,,41_(07)_左原图_右自动.png
41 (8).tif,41,1,0,0.217391,green_bar,ok,,41_(08)_左原图_右自动.png
42 (1).tif,42,7,1,0.217391,green_bar,ok,,42_(01)_左原图_右自动.png
42 (2).tif,42,5,1,0.217391,green_bar,ok,,42_(02)_左原图_右自动.png
42 (3).tif,42,4,1,0.217391,green_bar,ok,,42_(03)_左原图_右自动.png
42 (4).tif,42,2,0,0.217391,green_bar,ok,,42_(04)_左原图_右自动.png
42 (5).tif,42,4,1,0.217391,green_bar,ok,,42_(05)_左原图_右自动.png
42 (6).tif,42,5,1,0.217391,green_bar,ok,,42_(06)_左原图_右自动.png
42 (7).tif,42,3,1,0.217391,green_bar,ok,,42_(07)_左原图_右自动.png
42 (8).tif,42,4,1,0.217391,green_bar,ok,,42_(08)_左原图_右自动.png
43 (1).tif,43,4,0,0.217391,green_bar,ok,,43_(01)_左原图_右自动.png
43 (2).tif,43,1,0,0.217391,green_bar,ok,,43_(02)_左原图_右自动.png
43 (3).tif,43,4,1,0.217391,green_bar,ok,,43_(03)_左原图_右自动.png
43 (4).tif,43,4,1,0.217391,green_bar,ok,,43_(04)_左原图_右自动.png
43 (5).tif,43,2,1,0.217391,green_bar,ok,,43_(05)_左原图_右自动.png
43 (6).tif,43,3,0,0.217391,green_bar,ok,,43_(06)_左原图_右自动.png
43 (7).tif,43,1,0,0.217391,green_bar,ok,,43_(07)_左原图_右自动.png
43 (8).tif,43,4,0,0.217391,green_bar,ok,,43_(08)_左原图_右自动.png
44 (1).tif,44,6,1,0.217391,green_bar,ok,,44_(01)_左原图_右自动.png
44 (2).tif,44,3,1,0.217391,green_bar,ok,,44_(02)_左原图_右自动.png
44 (3).tif,44,3,1,0.217391,green_bar,ok,,44_(03)_左原图_右自动.png
44 (4).tif,44,5,1,0.217391,green_bar,ok,,44_(04)_左原图_右自动.png
44 (5).tif,44,6,1,0.217391,green_bar,ok,,44_(05)_左原图_右自动.png
44 (6).tif,44,3,1,0.217391,green_bar,ok,,44_(06)_左原图_右自动.png
44 (7).tif,44,2,1,0.217391,green_bar,ok,,44_(07)_左原图_右自动.png
44 (8).tif,44,6,1,0.217391,green_bar,ok,,44_(08)_左原图_右自动.png
45 (1).tif,45,8,2,0.217391,green_bar,ok,,45_(01)_左原图_右自动.png
45 (2).tif,45,7,1,0.217391,green_bar,ok,,45_(02)_左原图_右自动.png
45 (3).tif,45,4,0,0.217391,green_bar,ok,,45_(03)_左原图_右自动.png
45 (4).tif,45,8,1,0.217391,green_bar,ok,,45_(04)_左原图_右自动.png
45 (5).tif,45,4,1,0.217391,green_bar,ok,,45_(05)_左原图_右自动.png
45 (6).tif,45,2,1,0.217391,green_bar,ok,,45_(06)_左原图_右自动.png
45 (7).tif,45,2,1,0.217391,green_bar,ok,,45_(07)_左原图_右自动.png
45 (8).tif,45,4,0,0.217391,green_bar,ok,,45_(08)_左原图_右自动.png
46 (1).tif,46,6,1,0.217391,green_bar,ok,,46_(01)_左原图_右自动.png
46 (2).tif,46,1,0,0.217391,green_bar,ok,,46_(02)_左原图_右自动.png
46 (3).tif,46,3,1,0.217391,green_bar,ok,,46_(03)_左原图_右自动.png
46 (4).tif,46,3,0,0.217391,green_bar,ok,,46_(04)_左原图_右自动.png
46 (5).tif,46,6,1,0.217391,green_bar,ok,,46_(05)_左原图_右自动.png
46 (6).tif,46,3,0,0.217391,green_bar,ok,,46_(06)_左原图_右自动.png
46 (7).tif,46,3,1,0.217391,green_bar,ok,,46_(07)_左原图_右自动.png
46 (8).tif,46,5,0,0.217391,green_bar,ok,,46_(08)_左原图_右自动.png
47 (1).tif,47,8,1,0.217391,green_bar,ok,,47_(01)_左原图_右自动.png
47 (2).tif,47,2,0,0.217391,green_bar,ok,,47_(02)_左原图_右自动.png
47 (3).tif,47,5,1,0.217391,green_bar,ok,,47_(03)_左原图_右自动.png
47 (4).tif,47,5,0,0.217391,green_bar,ok,,47_(04)_左原图_右自动.png
47 (5).tif,47,4,1,0.217391,green_bar,ok,,47_(05)_左原图_右自动.png
47 (6).tif,47,4,1,0.217391,green_bar,ok,,47_(06)_左原图_右自动.png
47 (7).tif,47,9,1,0.217391,green_bar,ok,,47_(07)_左原图_右自动.png
47 (8).tif,47,5,1,0.217391,green_bar,ok,,47_(08)_左原图_右自动.png
48 (1).tif,48,6,1,0.217391,green_bar,ok,,48_(01)_左原图_右自动.png
48 (2).tif,48,3,1,0.217391,green_bar,ok,,48_(02)_左原图_右自动.png
48 (3).tif,48,3,1,0.217391,green_bar,ok,,48_(03)_左原图_右自动.png
48 (4).tif,48,6,0,0.217391,green_bar,ok,,48_(04)_左原图_右自动.png
48 (5).tif,48,6,1,0.217391,green_bar,ok,,48_(05)_左原图_右自动.png
48 (6).tif,48,6,1,0.217391,green_bar,ok,,48_(06)_左原图_右自动.png
48 (7).tif,48,5,0,0.217391,green_bar,ok,,48_(07)_左原图_右自动.png
48 (8).tif,48,6,1,0.217391,green_bar,ok,,48_(08)_左原图_右自动.png
49 (1).tif,49,2,0,0.217391,green_bar,ok,,49_(01)_左原图_右自动.png
49 (2).tif,49,3,0,0.217391,green_bar,ok,,49_(02)_左原图_右自动.png
49 (3).tif,49,3,1,0.217391,green_bar,ok,,49_(03)_左原图_右自动.png
49 (4).tif,49,2,0,0.217391,green_bar,ok,,49_(04)_左原图_右自动.png
49 (5).tif,49,6,0,0.217391,green_bar,ok,,49_(05)_左原图_右自动.png
49 (6).tif,49,2,0,0.217391,green_bar,ok,,49_(06)_左原图_右自动.png
49 (7).tif,49,3,0,0.217391,green_bar,ok,,49_(07)_左原图_右自动.png
49 (8).tif,49,3,1,0.217391,green_bar,ok,,49_(08)_左原图_右自动.png
50 (1).tif,50,4,0,0.217391,green_bar,ok,,50_(01)_左原图_右自动.png
50 (2).tif,50,7,1,0.217391,green_bar,ok,,50_(02)_左原图_右自动.png
50 (3).tif,50,4,1,0.217391,green_bar,ok,,50_(03)_左原图_右自动.png
50 (4).tif,50,4,0,0.217391,green_bar,ok,,50_(04)_左原图_右自动.png
50 (5).tif,50,4,0,0.217391,green_bar,ok,,50_(05)_左原图_右自动.png
50 (6).tif,50,6,1,0.217391,green_bar,ok,,50_(06)_左原图_右自动.png
50 (7).tif,50,4,1,0.217391,green_bar,ok,,50_(07)_左原图_右自动.png
50 (8).tif,50,4,1,0.217391,green_bar,ok,,50_(08)_左原图_右自动.png
51 (1).tif,51,6,0,0.217391,green_bar,ok,,51_(01)_左原图_右自动.png
51 (2).tif,51,6,0,0.217391,green_bar,ok,,51_(02)_左原图_右自动.png
51 (3).tif,51,6,0,0.217391,green_bar,ok,,51_(03)_左原图_右自动.png
51 (4).tif,51,2,0,0.217391,green_bar,ok,,51_(04)_左原图_右自动.png
51 (5).tif,51,7,1,0.217391,green_bar,ok,,51_(05)_左原图_右自动.png
51 (6).tif,51,7,1,0.217391,green_bar,ok,,51_(06)_左原图_右自动.png
51 (7).tif,51,6,0,0.217391,green_bar,ok,,51_(07)_左原图_右自动.png
51 (8).tif,51,6,0,0.217391,green_bar,ok,,51_(08)_左原图_右自动.png
52 (1).tif,52,4,0,0.217391,green_bar,ok,,52_(01)_左原图_右自动.png
52 (2).tif,52,4,1,0.217391,green_bar,ok,,52_(02)_左原图_右自动.png
52 (3).tif,52,4,1,0.217391,green_bar,ok,,52_(03)_左原图_右自动.png
52 (4).tif,52,5,1,0.217391,green_bar,ok,,52_(04)_左原图_右自动.png
52 (5).tif,52,4,0,0.217391,green_bar,ok,,52_(05)_左原图_右自动.png
52 (6).tif,52,4,1,0.217391,green_bar,ok,,52_(06)_左原图_右自动.png
52 (7).tif,52,4,0,0.217391,green_bar,ok,,52_(07)_左原图_右自动.png
52 (8).tif,52,3,1,0.217391,green_bar,ok,,52_(08)_左原图_右自动.png
53 (1).tif,53,4,1,0.217391,green_bar,ok,,53_(01)_左原图_右自动.png
53 (2).tif,53,6,0,0.217391,green_bar,ok,,53_(02)_左原图_右自动.png
53 (3).tif,53,4,1,0.217391,green_bar,ok,,53_(03)_左原图_右自动.png
53 (4).tif,53,3,0,0.217391,green_bar,ok,,53_(04)_左原图_右自动.png
53 (5).tif,53,3,0,0.217391,green_bar,ok,,53_(05)_左原图_右自动.png
53 (6).tif,53,7,1,0.217391,green_bar,ok,,53_(06)_左原图_右自动.png
53 (7).tif,53,7,1,0.217391,green_bar,ok,,53_(07)_左原图_右自动.png
53 (8).tif,53,6,1,0.217391,green_bar,ok,,53_(08)_左原图_右自动.png
54 (1).tif,54,9,1,0.217391,green_bar,ok,,54_(01)_左原图_右自动.png
54 (2).tif,54,2,0,0.217391,green_bar,ok,,54_(02)_左原图_右自动.png
54 (3).tif,54,4,1,0.217391,green_bar,ok,,54_(03)_左原图_右自动.png
54 (4).tif,54,6,0,0.217391,green_bar,ok,,54_(04)_左原图_右自动.png
54 (5).tif,54,6,0,0.217391,green_bar,ok,,54_(05)_左原图_右自动.png
54 (6).tif,54,4,1,0.217391,green_bar,ok,,54_(06)_左原图_右自动.png
54 (7).tif,54,4,0,0.217391,green_bar,ok,,54_(07)_左原图_右自动.png
54 (8).tif,54,6,0,0.217391,green_bar,ok,,54_(08)_左原图_右自动.png
55 (1).tif,55,8,1,0.217391,green_bar,ok,,55_(01)_左原图_右自动.png
55 (2).tif,55,5,0,0.217391,green_bar,ok,,55_(02)_左原图_右自动.png
55 (3).tif,55,3,0,0.217391,green_bar,ok,,55_(03)_左原图_右自动.png
55 (4).tif,55,5,1,0.217391,green_bar,ok,,55_(04)_左原图_右自动.png
55 (5).tif,55,5,0,0.217391,green_bar,ok,,55_(05)_左原图_右自动.png
55 (6).tif,55,8,1,0.217391,green_bar,ok,,55_(06)_左原图_右自动.png
55 (7).tif,55,5,0,0.217391,green_bar,ok,,55_(07)_左原图_右自动.png
55 (8).tif,55,8,1,0.217391,green_bar,ok,,55_(08)_左原图_右自动.png
56 (1).tif,56,8,1,0.217391,green_bar,ok,,56_(01)_左原图_右自动.png
56 (2).tif,56,9,1,0.217391,green_bar,ok,,56_(02)_左原图_右自动.png
56 (3).tif,56,4,0,0.217391,green_bar,ok,,56_(03)_左原图_右自动.png
56 (4).tif,56,7,1,0.217391,green_bar,ok,,56_(04)_左原图_右自动.png
56 (5).tif,56,6,0,0.217391,green_bar,ok,,56_(05)_左原图_右自动.png
56 (6).tif,56,5,0,0.217391,green_bar,ok,,56_(06)_左原图_右自动.png
56 (7).tif,56,2,0,0.217391,green_bar,ok,,56_(07)_左原图_右自动.png
56 (8).tif,56,4,1,0.217391,green_bar,ok,,56_(08)_左原图_右自动.png
57 (1).tif,57,3,0,0.217391,green_bar,ok,,57_(01)_左原图_右自动.png
57 (2).tif,57,6,0,0.217391,green_bar,ok,,57_(02)_左原图_右自动.png
57 (3).tif,57,6,0,0.217391,green_bar,ok,,57_(03)_左原图_右自动.png
57 (4).tif,57,6,0,0.217391,green_bar,ok,,57_(04)_左原图_右自动.png
57 (5).tif,57,4,0,0.217391,green_bar,ok,,57_(05)_左原图_右自动.png
57 (6).tif,57,3,1,0.217391,green_bar,ok,,57_(06)_左原图_右自动.png
57 (7).tif,57,6,0,0.217391,green_bar,ok,,57_(07)_左原图_右自动.png
57 (8).tif,57,6,0,0.217391,green_bar,ok,,57_(08)_左原图_右自动.png
58 (1).tif,58,6,0,0.217391,green_bar,ok,,58_(01)_左原图_右自动.png
58 (2).tif,58,6,1,0.217391,green_bar,ok,,58_(02)_左原图_右自动.png
58 (3).tif,58,5,0,0.217391,green_bar,ok,,58_(03)_左原图_右自动.png
58 (4).tif,58,6,1,0.217391,green_bar,ok,,58_(04)_左原图_右自动.png
58 (5).tif,58,2,0,0.217391,green_bar,ok,,58_(05)_左原图_右自动.png
58 (6).tif,58,8,1,0.217391,green_bar,ok,,58_(06)_左原图_右自动.png
58 (7).tif,58,5,1,0.217391,green_bar,ok,,58_(07)_左原图_右自动.png
58 (8).tif,58,6,1,0.217391,green_bar,ok,,58_(08)_左原图_右自动.png
59 (1).tif,59,6,0,0.217391,green_bar,ok,,59_(01)_左原图_右自动.png
59 (2).tif,59,3,0,0.217391,green_bar,ok,,59_(02)_左原图_右自动.png
59 (3).tif,59,7,1,0.217391,green_bar,ok,,59_(03)_左原图_右自动.png
59 (4).tif,59,3,1,0.217391,green_bar,ok,,59_(04)_左原图_右自动.png
59 (5).tif,59,6,2,0.217391,green_bar,ok,,59_(05)_左原图_右自动.png
59 (6).tif,59,2,1,0.217391,green_bar,ok,,59_(06)_左原图_右自动.png
59 (7).tif,59,6,0,0.217391,green_bar,ok,,59_(07)_左原图_右自动.png
59 (8).tif,59,8,1,0.217391,green_bar,ok,,59_(08)_左原图_右自动.png
60 (1).tif,60,8,1,0.217391,green_bar,ok,,60_(01)_左原图_右自动.png
60 (2).tif,60,7,1,0.217391,green_bar,ok,,60_(02)_左原图_右自动.png
60 (3).tif,60,3,1,0.217391,green_bar,ok,,60_(03)_左原图_右自动.png
60 (4).tif,60,5,1,0.217391,green_bar,ok,,60_(04)_左原图_右自动.png
60 (5).tif,60,2,1,0.217391,green_bar,ok,,60_(05)_左原图_右自动.png
60 (6).tif,60,6,1,0.217391,green_bar,ok,,60_(06)_左原图_右自动.png
60 (7).tif,60,7,0,0.217391,green_bar,ok,,60_(07)_左原图_右自动.png
60 (8).tif,60,7,2,0.217391,green_bar,ok,,60_(08)_左原图_右自动.png
61 (1).tif,61,3,0,0.217391,green_bar,ok,,61_(01)_左原图_右自动.png
61 (2).tif,61,5,1,0.217391,green_bar,ok,,61_(02)_左原图_右自动.png
61 (3).tif,61,3,1,0.217391,green_bar,ok,,61_(03)_左原图_右自动.png
61 (4).tif,61,2,1,0.217391,green_bar,ok,,61_(04)_左原图_右自动.png
61 (5).tif,61,3,1,0.217391,green_bar,ok,,61_(05)_左原图_右自动.png
61 (6).tif,61,3,1,0.217391,green_bar,ok,,61_(06)_左原图_右自动.png
61 (7).tif,61,5,1,0.217391,green_bar,ok,,61_(07)_左原图_右自动.png
61 (8).tif,61,4,1,0.217391,green_bar,ok,,61_(08)_左原图_右自动.png
62 (1).tif,62,7,1,0.217391,green_bar,ok,,62_(01)_左原图_右自动.png
62 (2).tif,62,5,1,0.217391,green_bar,ok,,62_(02)_左原图_右自动.png
62 (3).tif,62,5,1,0.217391,green_bar,ok,,62_(03)_左原图_右自动.png
62 (4).tif,62,5,1,0.217391,green_bar,ok,,62_(04)_左原图_右自动.png
62 (5).tif,62,6,1,0.217391,green_bar,ok,,62_(05)_左原图_右自动.png
62 (6).tif,62,2,1,0.217391,green_bar,ok,,62_(06)_左原图_右自动.png
62 (7).tif,62,3,1,0.217391,green_bar,ok,,62_(07)_左原图_右自动.png
62 (8).tif,62,9,1,0.217391,green_bar,ok,,62_(08)_左原图_右自动.png
63 (1).tif,63,2,0,0.217391,green_bar,ok,,63_(01)_左原图_右自动.png
63 (2).tif,63,5,0,0.217391,green_bar,ok,,63_(02)_左原图_右自动.png
63 (3).tif,63,6,0,0.217391,green_bar,ok,,63_(03)_左原图_右自动.png
63 (4).tif,63,8,1,0.217391,green_bar,ok,,63_(04)_左原图_右自动.png
63 (5).tif,63,4,1,0.217391,green_bar,ok,,63_(05)_左原图_右自动.png
63 (6).tif,63,5,0,0.217391,green_bar,ok,,63_(06)_左原图_右自动.png
63 (7).tif,63,2,0,0.217391,green_bar,ok,,63_(07)_左原图_右自动.png
63 (8).tif,63,4,0,0.217391,green_bar,ok,,63_(08)_左原图_右自动.png
