filename,sample_id,view_id,magnification,radius_um,xylem_um,phloem_um,bark_um,backend,similar_ref,sim_vs_manual
1-1 2X.jpg,1,1,2,2054.6697038724374,1222.80518991573,340.2992966292616,113.43309887642063,yolo,,0.8459
1-2 4X.jpg,1,2,4,1935.9903381642512,1253.4473810552686,278.2555174954562,80.61594202898566,yolo,,0.8618
1-3 4X.jpg,1,3,4,2183.5748792270533,1413.146307158006,276.8899247260522,88.94927536231887,yolo,,0.7639
2-1 2X.jpg,2,1,2,1833.7129840546697,1147.2506240818136,235.55119824164822,72.77904328018221,yolo,,0.9358
2-2  4X.jpg,2,2,4,1765.096618357488,1087.6726763145414,213.68389856119546,71.22796618706515,yolo,,0.9399
2-3 4X.jpg,2,3,4,2008.4541062801936,1203.2845126111613,224.80110829525188,74.93370276508396,yolo,,0.7198
3-1 2X.jpg,3,1,2,1436.2186788154895,801.3070321915651,230.17006754197524,76.72335584732501,yolo,,0.9465
3-2 4X.jpg,3,2,4,1496.376811594203,783.2743199413802,301.58411511642845,100.52803837214282,yolo,,0.9427
3-3  4X.jpg,3,3,4,1531.4009661835748,882.5242081592583,235.5615406330123,58.84661835748789,yolo,,0.6055
4-1 2X.jpg,4,1,2,2328.018223234623,1474.2013725839938,298.1220898305846,93.2801822323464,yolo,,0.6160
4-2 4X.jpg,4,2,4,2181.1594202898555,1413.9001826110557,308.83532463532134,90.67028985507255,yolo,,0.7912
4-3 4X.jpg,4,3,4,2352.0531400966183,1438.0349507288036,317.7600188374558,105.92000627915186,yolo,,0.9314
5-1 2X.jpg,5,1,2,1843.9635535307516,1164.689457339779,276.5406109973509,75.854214123007,yolo,,0.7978
5-2 4X.jpg,5,2,4,2001.2077294685992,1263.0519904103228,317.41298543508765,83.18236714975849,yolo,,0.9123
5-3 4X.jpg,5,3,4,1960.7487922705316,1271.263880071905,301.59552382230885,63.61402605747759,yolo,,0.9856
6-1 2X.jpg,6,1,2,1297.2665148063782,726.774351657483,231.88168478898652,50.45558086560342,yolo,,0.8606
6-2  4X.jpg,6,2,4,1496.9806763285026,857.1948329558011,277.91810327756514,55.10445507098158,yolo,,0.7072
6-3 4X.jpg,6,3,4,1379.2270531400966,795.4210175601131,260.7082094930269,55.58574879227056,yolo,,0.6708
7-1 2X.jpg,7,1,2,2734.624145785877,1777.2147421936993,339.6401962021061,113.21339873403505,yolo,,0.7376
7-2  4X.jpg,7,2,4,2872.807979109259,1952.001870166636,270.396096279801,75.9112122975243,yolo,,0.9885
7-3  4X.jpg,7,3,4,2921.486040677638,1850.6058040915927,322.6434730182617,107.54782433942054,yolo,,0.7241
8-1 2X.jpg,8,1,2,2252.8473804100227,1239.5116295070725,298.72618675352254,99.57539558450738,yolo,,0.9489
8-2  4X.jpg,8,2,4,2437.8019323671497,1369.9852321133988,282.7623524276644,86.98671497584509,yolo,,0.7917
8-3  4X.jpg,8,3,4,2507.2463768115945,1608.1767284101031,257.18267108372726,85.72755702790909,yolo,,0.7190
9-1 2X.jpg,9,1,2,2247.1526195899773,1149.0122047863367,289.72148422345936,96.57382807448624,yolo,,0.9216
9-2 4X.jpg,9,2,4,2188.4057971014495,1239.5731747545994,287.5403518154489,80.37439613526577,yolo,,0.9187
9-3 4X.jpg,9,3,4,2200.483091787439,1143.546550564629,295.7952368749844,75.75483091787454,yolo,,0.8779
10-1 2X.jpg,10,1,2,2193.6218678815494,1517.4692725032505,332.0005513173226,110.66685043910755,yolo,,0.7407
10-2  4X.jpg,10,2,4,2251.8115942028985,1569.8798853357262,314.9307201774578,75.93818675734742,yolo,,0.7074
10-3 4X.jpg,10,3,4,2480.072463768116,1769.5006082185603,307.3854134012971,102.46180446709886,yolo,,0.6441
11-1 2X.jpg,11,1,2,1902.050113895216,1219.3378663662884,235.95826119635393,76.59453302961283,yolo,,0.8577
11-2  4X.jpg,11,2,4,2100.8454106280196,1361.1898174283222,272.7301935085637,88.30221128533621,yolo,,0.9485
11-3   4X.jpg,11,3,4,2013.8888888888885,1328.6000099710818,250.14395138157587,83.09178743961338,yolo,,0.7431
12-1 2X.jpg,12,1,2,1584.2824601366744,985.9817946520697,230.90089774671074,76.96696591557024,yolo,,0.9513
12-2  4X.jpg,12,2,4,1657.0048309178744,778.6481905157654,220.6875582765053,52.59661835748786,yolo,,0.4819
12-3  4X.jpg,12,3,4,1694.4444444444446,1049.1747212947416,215.96477774417616,67.5899695601161,yolo,,0.9483
13-1 2X.jpg,13,1,2,3181.0933940774485,2041.4479929578026,546.3627524342675,182.12091747808918,yolo,,0.5952
13-2  4X.jpg,13,2,4,3287.43961352657,2487.424765090713,431.27088708319974,59.56521739130484,yolo,,0.9706
13-3   4X.jpg,13,3,4,3030.3860283715735,1804.4896784032355,566.5330488694924,124.7906698564592,yolo,,0.6735
14-1 2X.jpg,14,1,2,2348.5193621867875,1597.0611693963301,350.54703105925034,102.50569476082055,yolo,,0.8412
14-2  4X.jpg,14,2,4,2574.8792270531403,1912.9444447349115,374.8574876322383,120.41062801932368,yolo,,0.8097
14-3 4X.jpg,14,3,4,2591.1835748792273,1754.931028159433,362.4844307777655,43.21256038647335,yolo,,0.9441
15-1 2X.jpg,15,1,2,1330.2961275626424,769.2542740511145,214.9157864889991,71.6385954963329,yolo,,0.9213
15-2  4X.jpg,15,2,4,1451.0869565217386,843.1149884369264,228.50336905099644,56.40096618357493,yolo,,0.8167
15-3 4X.jpg,15,3,4,1393.1159420289857,778.6876270525969,201.3103666670735,67.10345555569154,yolo,,0.9041
16-1 2X.jpg,16,1,2,2353.0751708428247,1644.4612580521327,355.49232525361106,118.497441751204,yolo,,0.8594
16-2  4X.jpg,16,2,4,2343.5990338164247,1699.0535219861042,291.3801483654942,97.12671612183142,yolo,,0.5418
16-3 4X.jpg,16,3,4,2528.985507246377,1865.8157990233317,337.05119421076296,112.35039807025396,yolo,,0.6052
17-1 2X.jpg,17,1,2,1972.6651480637818,1307.062558299471,260.7620430672713,82.51708428246016,yolo,,0.8864
17-2 4X.jpg,17,2,4,2054.3478260869565,1304.4125256287011,285.27756230021373,95.09252076673778,yolo,,0.8484
17-3 4X.jpg,17,3,4,2138.888888888889,1335.2004485302646,289.36053316751907,96.45351105583953,yolo,,0.8389
18-1 2X.jpg,18,1,2,1323.4624145785874,728.2247868641117,175.72909067537918,55.043844556181185,yolo,,0.9393
18-2 4X.jpg,18,2,4,1371.3768115942028,794.5734175393588,211.13515423678547,70.37838474559501,yolo,,0.8470
18-3 4X.jpg,18,3,4,1398.5507246376812,784.2999274420807,201.84137690574582,51.90217391304331,yolo,,0.9265
19-1 2X.jpg,19,1,2,2357.630979498861,1632.1766033945971,345.91310554061295,115.30436851353728,yolo,,0.9159
19-2  4X.jpg,19,2,4,2787.43961352657,2019.5590559904049,389.28756236708284,126.78140096618345,yolo,,0.6960
19-3 4X.jpg,19,3,4,2669.9029126213595,1911.143147229918,397.1807755924857,70.3168538766247,yolo,,0.9483
20-1 2X.jpg,20,1,2,2184.5102505694763,1409.3504381669075,341.33569073700613,113.77856357900238,yolo,,0.8669
20-2  4X.jpg,20,2,4,2366.545893719807,1506.6181788431452,302.1680530409125,95.19927536231914,yolo,,0.9286
20-3 4X.jpg,20,3,4,2350.2415458937194,1497.9502851585485,373.3669962760158,124.45566542533865,yolo,,0.8777
21-1 2X.jpg,21,1,2,1875.8542141230066,972.5513496308225,349.4589251345143,116.48630837817127,yolo,,0.9335
21-2 4X.jpg,21,2,4,1809.1787439613527,1168.9892640740184,252.33413890100786,84.1113796336693,yolo,,0.8441
21-3 4X.jpg,21,3,4,1882.2815533980583,1197.1766716936313,256.06968752966895,76.48665048543722,yolo,,0.6523
22-1 2X.jpg,22,1,2,2357.630979498861,1378.5217159991898,302.0996013832957,100.69986712776522,yolo,,0.8504
22-2 4X.jpg,22,2,4,2300.12077294686,1459.5861452882402,262.647347555559,87.54911585185295,yolo,,0.7129
22-3  4X.jpg,22,3,4,2443.236714975846,1541.7442514801369,298.0202412734866,96.82971014492736,yolo,,0.7213
23-1 2X.jpg,23,1,2,1851.9362186788148,1175.699892353697,221.1679891952786,73.51936218678766,yolo,,0.8603
23-2 4X.jpg,23,2,4,2304.347826086957,1481.6676300181755,277.33623400810757,92.44541133603595,yolo,,0.6536
23-3  4X.jpg,23,3,4,2107.4879227053134,1302.2347180412103,259.87276988149506,82.21618357487894,yolo,,0.8478
24-1 2X.jpg,24,1,2,1746.0136674259682,1078.6933253551,318.5426483526953,106.18088278423193,yolo,,0.4600
24-2  4X.jpg,24,2,4,1988.5265700483092,1222.0109606204662,236.767679606278,59.94116653654095,yolo,,0.9777
24-3 4X.jpg,24,3,4,1565.9403669724768,742.0334451984482,194.34843553549652,49.28325688073422,yolo,,0.8631
25-1 2X.jpg,25,1,2,2671.9817767653767,1787.2577819387495,398.7366179878518,132.9122059959506,yolo,,0.7851
25-2 4X.jpg,25,2,4,3234.9033816425117,1823.2540378535673,424.3908896826643,118.2971014492754,yolo,,0.6379
25-3 4X.jpg,25,3,4,2742.149758454106,1895.3249785790613,433.2076301165903,122.55434782608738,yolo,,0.4980
26-1 2X.jpg,26,1,2,1988.6104783599085,1443.5766231146615,269.53848938382214,89.84616312794019,yolo,,0.8373
26-2 4X.jpg,26,2,4,2138.349514563107,1522.1641602734858,312.78835997254845,46.72223703551866,yolo,,0.9701
26-3 4X.jpg,26,3,4,1826.0869565217392,1449.6087750761005,267.50613493864523,75.15562138622052,yolo,,0.9676
27-1 2X.jpg,27,1,2,1396.3553530751708,1029.523260900354,229.7324277240723,73.31834326623408,yolo,,0.6933
27-2 4X.jpg,27,2,4,1548.3091787439614,1058.823043073616,282.4209182790411,70.59178743961354,yolo,,0.8257
27-3 4X.jpg,27,3,4,1595.4106280193232,1061.1332721029646,283.86019085031285,94.62006361677113,yolo,,0.6253
28-1 2X.jpg,28,1,2,2755.1252847380415,1971.2744825774992,378.8394126389025,123.69020501138897,yolo,,0.7995
28-2 4X.jpg,28,2,4,3215.5797101449275,1756.6892753112886,436.45685995441215,115.42874396135274,yolo,,0.5287
28-3  4X.jpg,28,3,4,2891.9082125603863,2130.5010437982214,448.5176108082035,65.90888162545933,yolo,,0.9795
29-1 2X.jpg,29,1,2,2240.3189066059226,1405.703559687127,379.6039573971553,93.96355353075165,yolo,,0.8765
29-2 4X.jpg,29,2,4,2432.9710144927535,1610.9454777423264,349.2900295040504,103.17028985507267,yolo,,0.7699
29-3   4X.jpg,29,3,4,2320.048309178744,1477.051802512433,360.05535101422663,120.01845033807518,yolo,,0.8443
30-1 2X.jpg,30,1,2,1486.3325740318908,840.3650704097272,265.4435856267195,58.20045558086567,yolo,,0.9443
30-2 4X.jpg,30,2,4,1589.9758454106282,906.8181619893138,299.6129974309764,63.49637681159414,yolo,,0.8180
30-3 4X.jpg,30,3,4,1574.87922705314,798.9556042977887,303.4101083708612,101.13670279028709,yolo,,0.8915
31-1 2X.jpg,31,1,2,3202.733485193621,2261.673735416602,472.59435675189934,157.5314522506331,yolo,,0.7968
31-2 4X.jpg,31,2,4,3286.231884057971,2263.4999891574353,416.0525443638075,138.68418145460245,yolo,,0.9203
31-3 4X.jpg,31,3,4,3311.594202898551,2274.9281986130654,435.10819886628786,145.03606628876267,yolo,,0.8748
32-1 2X.jpg,32,1,2,2473.8041002277905,1661.8196212791665,332.69028993078547,107.99578355086803,yolo,,0.8691
32-2  4X.jpg,32,2,4,2622.584541062802,1874.9507683952363,330.199967181834,110.06665572727799,yolo,,0.9019
32-3 4X.jpg,32,3,4,2611.0436893203887,1737.7645382794572,337.7566933777863,112.5855644592619,yolo,,0.7835
33-1 2X.jpg,33,1,2,1369.020501138952,815.5781738555966,234.58457030621724,60.315615747070034,yolo,,0.9591
33-2 4X.jpg,33,2,4,1457.1256038647343,831.6570529825685,301.0760508427837,100.35868361426101,yolo,,0.8768
33-3 4X.jpg,33,3,4,1478.2608695652175,737.1549559417087,239.80760444476456,51.41908212560393,yolo,,0.8730
34-1 2X.jpg,34,1,2,2117.312072892938,1459.0836680832208,301.47312593075065,100.49104197691699,yolo,,0.7032
34-2 4X.jpg,34,2,4,2257.2463768115945,1591.3170004059964,287.31154961320107,53.13473500495717,yolo,,0.9709
34-3 4X.jpg,34,3,4,3060.990338164251,2100.9985079388116,433.48216838969023,133.39371980676364,yolo,,0.5391
35-1 2X.jpg,35,1,2,1965.8314350797268,1252.4876614817083,257.9906984271755,79.49886104783587,yolo,,0.8969
35-2 4X.jpg,35,2,4,2118.9613526570047,1289.2472915580474,325.1840965488559,108.39469884961863,yolo,,0.8196
35-3  4X.jpg,35,3,4,2084.344660194174,1428.7002552152062,251.74994753909144,81.68571957579927,yolo,,0.9130
36-1 2X.jpg,36,1,2,1510.2505694760823,871.3099736043407,297.2578387033504,99.08594623444996,yolo,,0.8660
36-2 4X.jpg,36,2,4,1617.1497584541064,1009.828000843725,220.69736147511512,64.76449275362323,yolo,,0.8082
36-3 4X.jpg,36,3,4,1567.6328502415458,930.7470781651982,245.32737253552173,81.77579084517389,yolo,,0.9859
37-1 2X.jpg,37,1,2,2529.612756264237,1677.302295336677,373.09633792072566,107.91571753986359,yolo,,0.7942
37-2 4X.jpg,37,2,4,2636.473429951691,1852.0798012106793,375.67078651267343,79.01269730080179,yolo,,0.9026
37-3 4X.jpg,37,3,4,2583.937198067633,1795.4271659991412,385.7665820223833,128.58886067412774,yolo,,0.5935
38-1 2X.jpg,38,1,2,2029.6127562642369,1278.9872693208335,250.9671725926058,80.52391799544434,yolo,,0.6331
38-2 4X.jpg,38,2,4,2191.4251207729467,1388.7802909480502,319.1335703075018,105.49193584589726,yolo,,0.8089
38-3 4X.jpg,38,3,4,2296.1165048543694,1255.0167557670122,274.8982927766768,80.52184466019422,yolo,,0.7491
39-1 2X.jpg,39,1,2,1675.3986332574032,973.2159989788762,251.61315819652202,64.46469248291582,yolo,,0.9093
39-2 4X.jpg,39,2,4,1790.4589371980676,1174.3795341339164,297.6615286680156,77.47584541062821,yolo,,0.7006
39-3  4X.jpg,39,3,4,2009.0579710144925,1295.0904210659733,273.32745333016226,82.54830917874428,yolo,,0.8496
40-1 2X.jpg,40,1,2,1969.2482915717546,1141.0231418139238,326.1750358626133,77.22095671981789,yolo,,0.8003
40-2 4X.jpg,40,2,4,2176.328502415459,1355.8789201788368,341.04136967623583,89.31159420289853,yolo,,0.5145
40-3 4X.jpg,40,3,4,2103.2608695652175,1227.3073581161093,304.3955404346148,80.61594202898549,yolo,,0.7413
41-1 2X.jpg,41,1,2,1591.116173120729,1025.223706142526,244.18017027921027,81.39339009307015,yolo,,0.9033
41-2 4X.jpg,41,2,4,1726.449275362319,1151.5730576330345,265.0777830114941,59.19456998349077,yolo,,0.9917
41-3  4X.jpg,41,3,4,1631.6747572815532,1062.315414373561,301.58021669439967,71.78398058252436,yolo,,0.8741
42-1 2X.jpg,42,1,2,1112.756264236902,469.84373364399687,172.1046712931982,57.368223764399346,yolo,,0.9737
42-2  4X.jpg,42,2,4,1293.4782608695657,521.5889675792222,200.66344787971477,38.01328502415462,yolo,,0.9216
42-3 4X.jpg,42,3,4,1263.888888888889,604.1141477906999,201.89430631558037,42.42149758454108,yolo,,0.7588
43-1 2X.jpg,43,1,2,164.00911161731196,2379.255767509907,446.30022749280175,74.21621456448933,yolo,,0.8462
43-2 4X.jpg,43,2,4,3184.7826086956525,2288.0572073756575,512.0333723344878,147.37318840579715,yolo,,0.7799
43-3 4X.jpg,43,3,4,3308.5748792270533,2632.410137830141,465.34607064787656,70.72205239154657,yolo,,0.7488
44-1 2X.jpg,44,1,2,2299.544419134397,1503.2847903620939,366.41908207526353,98.40546697038776,yolo,,0.9151
44-2 4X.jpg,44,2,4,2480.072463768116,1704.4338546796725,392.3354689918249,110.35628019323678,yolo,,0.7060
44-3 4X.jpg,44,3,4,2506.0386473429953,1731.1903837876523,360.41589640558453,110.08454106280165,yolo,,0.8076
45-1 2X.jpg,45,1,2,1566.059225512528,843.9189795869642,285.69377667727247,59.45330296127576,yolo,,0.8540
45-2 4X.jpg,45,2,4,1657.0743405275778,867.2184854903167,300.34746175189,61.450839328536965,yolo,,0.8263
45-3   4X.jpg,45,3,4,1616.4705882352941,942.8006480336352,244.14052843695296,62.4705882352939,yolo,,0.8146
46-1 2X.jpg,46,1,2,2760.820045558086,1679.8266533081544,416.01617129321176,110.3075170842826,yolo,,0.8124
46-2 4X.jpg,46,2,4,2345.4106280193237,1531.7235955451101,379.1580469669673,38.99758454106263,yolo,,0.9518
46-3  4X.jpg,46,3,4,2750.606796116504,1793.23491509849,438.80391985296694,117.47572815533947,yolo,,0.7340
47-1 2X.jpg,47,1,2,2234.6241457858773,1326.219565487972,357.3795233502958,88.61047835990941,yolo,,0.8075
47-2 4X.jpg,47,2,4,2253.623188405797,1227.7184593042211,410.68733779722817,86.23188405797104,yolo,,0.8397
47-3   4X.jpg,47,3,4,2383.454106280193,1438.6228606349634,355.24791231189636,94.41425120772914,yolo,,0.7433
48-1 2X.jpg,48,1,2,1689.0660592255124,928.9522995454001,347.81307630881355,67.19817767653768,yolo,,0.9185
48-2 4X.jpg,48,2,4,1802.536231884058,1028.3074962496478,401.2818757310283,75.2415458937197,yolo,,0.8612
48-3   4X.jpg,48,3,4,1640.7004830917879,881.9740157441694,345.10931758916416,64.5833333333336,yolo,,0.8627
49-1 2X.jpg,49,1,2,2625.284738041002,1608.9360048915419,419.82253724968785,106.77676537585431,yolo,,0.8851
49-2  4X.jpg,49,2,4,2774.154589371981,1682.0484244623833,480.69312143133624,113.82850241545893,yolo,,0.7916
49-3   4X.jpg,49,3,4,2028.3816425120774,1496.7994823088113,394.59544522742056,99.54710144927526,yolo,,0.7644
50-1 2X.jpg,50,1,2,2178.8154897494305,1011.569992432035,310.71857731965616,76.34468765149798,yolo,,0.8501
50-2 4X.jpg,50,2,4,2096.0144927536235,1146.143736989756,317.67211232425296,70.00057580676415,yolo,,0.9532
50-3   4X.jpg,50,3,4,2163.6473429951693,1281.0352995725368,302.8149070150936,68.92757119014743,yolo,,0.9530
51-1 2X.jpg,51,1,2,1550.1138952164008,831.3226718017012,240.9438430046771,56.43507972665146,yolo,,0.9199
51-2 4X.jpg,51,2,4,1620.1690821256038,825.2531093621568,277.3435089953308,58.03140096618362,yolo,,0.7555
51-3  4X.jpg,51,3,4,1671.497584541063,841.9910613753547,281.2577308951768,59.118357487922744,yolo,,0.8758
52-1 2X.jpg,52,1,2,2117.312072892938,1227.082186997408,275.8221410208147,79.10022779043307,yolo,,0.5866
52-2  4X.jpg,52,2,4,2456.521739130435,1424.0865625567735,337.0849350277676,92.6932367149757,yolo,,0.8377
52-3  4X.jpg,52,3,4,1950.4830917874397,1648.9193805509522,291.33148484838404,68.80710561515653,yolo,,0.8190
53-1 2X.jpg,53,1,2,1588.8382687927108,907.8773719709673,289.47921475753765,96.4930715858458,yolo,,0.9173
53-2 4X.jpg,53,2,4,1861.1111111111109,1116.5840630517596,251.36167408431527,81.93348991706533,yolo,,0.9158
53-3  4X.jpg,53,3,4,1966.787439613527,1224.4510757103446,252.8573453911541,84.28578179705167,yolo,,0.8787
54-1 2X.jpg,54,1,2,1636.6742596810932,863.0334039654325,282.1099128573607,94.03663761912024,yolo,,0.9131
54-2 4X.jpg,54,2,4,1748.1884057971015,972.7725696155702,235.0944858318006,78.36482861060021,yolo,,0.8279
54-3 4X.jpg,54,3,4,1647.342995169082,890.6798219470178,205.03273843945564,57.66908212560402,yolo,,0.8271
55-1 2X.jpg,55,1,2,2601.366742596811,1659.44570400176,371.28834342194347,119.60763822549909,yolo,,0.8019
55-2 4X.jpg,55,2,4,2763.2850241545893,1453.8798071893202,407.68420247251555,97.9770531400966,yolo,,0.6769
55-3 4X.jpg,55,3,4,2780.193236714976,1867.9613684735193,381.9782450530503,118.41787439613557,yolo,,0.6120
56-1 2X.jpg,56,1,2,2466.9703872437367,1505.009143606161,336.3274828424716,101.71576535091164,yolo,,0.7269
56-2 4X.jpg,56,2,4,2388.888888888889,1379.646822736437,322.6018394694113,107.53394648980375,yolo,,0.9705
56-3  4X.jpg,56,3,4,2446.256038647343,1416.413275481704,370.5734394941408,94.05193236715014,yolo,,0.7051
57-1 2X.jpg,57,1,2,1904.3280182232345,1048.1409585335507,273.9740077513178,91.32466925043919,yolo,,0.9061
57-2 4X.jpg,57,2,4,2027.7777777777778,1112.058920172714,284.1623316095952,94.7207772031984,yolo,,0.8437
57-3 4X.jpg,57,3,4,1929.9516908212565,1091.490516561447,293.35247860763513,72.88647342995145,yolo,,0.8473
58-1 2X.jpg,58,1,2,2753.986332574031,1961.247758827639,331.45598042369,110.48532680789656,yolo,,0.8638
58-2 4X.jpg,58,2,4,2867.149758454107,2054.294462670721,344.7859042921968,64.68774897911106,yolo,,0.9095
58-3 4X.jpg,58,3,4,2885.8695652173915,1688.1059836764912,344.4277586194437,114.80925287314781,yolo,,0.6905
59-1 2X.jpg,59,1,2,2563.7813211845096,1732.0407280018528,372.45813304598346,110.76309794988623,yolo,,0.7142
59-2   4X.jpg,59,2,4,2656.400966183575,1875.6519426044197,334.65597058291706,111.55199019430567,yolo,,0.7464
59-3  4X.jpg,59,3,4,2682.9710144927535,1835.5640149243645,395.1027268569782,73.68108430561357,yolo,,0.9780
60-1 2X.jpg,60,1,2,1719.8177676537584,1049.2707489485654,266.39198149041067,87.52633562024955,yolo,,0.8268
60-2 4X.jpg,60,2,4,1809.1787439613527,1120.803912765553,273.3250139542734,57.56189453621244,yolo,,0.9663
60-3  4X.jpg,60,3,4,1889.4927536231883,1105.0146337569815,265.4865739724871,72.13164251207736,yolo,,0.8540
61-1 2X.jpg,61,1,2,2262.460008179642,1312.2093295566194,305.23582525897115,4.237435392437416,yolo,,
61-2 4X.jpg,61,2,4,2097.1853648463443,1521.0504095562064,298.30429297436876,83.1200926247119,yolo,,
61-3   4X.jpg,61,3,4,2354.43152497813,1611.3311272254434,265.6776742904708,5.603524900922902,yolo,,
62-1 2X.jpg,62,1,2,1933.0534803698379,1100.8674935495967,296.7555630620677,3.4168564920277906,yolo,,
62-2 4X.jpg,62,2,4,1990.942921007902,1249.422502015312,369.5112097096033,1.8115942028985534,yolo,,
62-3   4X.jpg,62,3,4,1694.0634782081347,1005.7371454628172,261.3062770883092,1.8115942028986207,yolo,,
63-1 2X.jpg,63,1,2,1610.4293537426643,849.6553527227566,207.7085742534132,68.84008333617649,yolo,,
63-1 4X.jpg,63,1,4,1842.7718085973706,1002.5524964920603,181.5644205005438,138.40910618036827,yolo,,
63-2 4X.jpg,63,2,4,1316.9110593497076,730.2008453979447,124.71335330073572,11.503771393223206,yolo,,
